location,Company,Model,ModelType,Year,Kms,Fuel,Transmission,Color,No_of_owner,RTO,Insurance,Price
"Vartak Enclave, Tezpur, Assam",Maruti Suzuki,Swift,VXI,2018,"25,000 km",Petrol,Manual,White,1st,AS,Comprehensive,"₹ 5,50,000"
"Hatigaon, Guwahati, Assam",Hyundai,Accent,GLE,2008,"71,000 km",Petrol,Manual,Gold,2nd,AS,Comprehensive,"₹ 1,65,000"
"Vartak Enclave, Tezpur, Assam",Maruti Suzuki,Celerio,2014-2017 VXI,2017,"21,000 km",Petrol,Manual,Silver,1st,AS,Comprehensive,"₹ 4,30,000"
"Adabari, Guwahati, Assam",Honda,Amaze,1.2 SMT I VTEC,2014,"76,000 km",Petrol,Manual,Blue,1st,AS,Comprehensive,"₹ 3,50,000"
"Borjari Maj Gaon, Jamunamukh, Assam",Dc,TCA,Others,2021,"6,000 km",Electric,Automatic,Not Available,1st,Not Available,Not Available,"₹ 90,000"
"Chandmari, Guwahati, Assam",Tata,Nano,2009-2011 Lx,2011,"18,000 km",Petrol,Manual,Not Available,1st,Not Available,Not Available,"₹ 71,000"
"Takowbari, Nagaon, Assam",Maruti Suzuki,Vitara Brezza,ZDi,2016,"9,000 km",Diesel,Automatic,Not Available,2nd,Not Available,Not Available,"₹ 6,50,000"
"Tukura Part 3, Kharijapikon, Assam",Mahindra,E Verito,D2,2015,51 km,Diesel,Automatic,Not Available,1st,Not Available,Not Available,"₹ 65,000"
"Lakhi Nagar Charali, Nagaon, Assam",Maruti Suzuki,Alto 800,LXI,2013,"43,000 km",Petrol,Automatic,Not Available,1st,Not Available,Not Available,"₹ 2,30,000"
"Milan Nagar, Dibrugarh, Assam",Hyundai,Elite i20,Asta 1.2 (O),2016,"24,000 km",Petrol,Manual,Not Available,1st,Not Available,Not Available,"₹ 5,95,000"
"Gossaigaon Bazar, Gossaigaon, Assam",Maruti Suzuki,Alto,2005-2010 LXi BSIII,2010,"295,000 km",Petrol,Manual,Not Available,2nd,Not Available,Not Available,"₹ 1,50,000"
"Demow Pathar, Sibsagar, Assam",Maruti Suzuki,Omni,Others,1999,"72,100 km",Petrol,Manual,Not Available,3rd,Not Available,Not Available,"₹ 80,000"
"Doyapore Part 2, Durga Nagar Part V, Assam",Maruti Suzuki,Omni,MPI STD BSIII 8-STR W/ IMMOBILISER,2016,"49,000 km",Petrol,Manual,Not Available,1st,Not Available,Not Available,"₹ 2,77,007"
"Banamali Part 1, Karimganj, Assam",Maruti Suzuki,Wagon R 1.0,1.0 VXi,2016,"43,190 km",Petrol,Manual,Not Available,2nd,Not Available,Not Available,"₹ 3,90,000"
"Ahom Gaon, Guwahati, Assam",Maruti Suzuki,Ritz,VXi,2011,"49,542 km",Petrol,Manual,Not Available,1st,Not Available,Not Available,"₹ 2,20,000"
"Jalukbari, Guwahati, Assam",Maruti Suzuki,Swift Dzire,VXI,2015,"46,500 km",Petrol,Manual,S Red,1st,As,Not Available,"₹ 4,47,000"
"Borbari, Guwahati, Assam",Maruti Suzuki,Alto K10,VXI,2016,"32,658 km",Petrol,Manual,Pink,1st,AS,Comprehensive,"₹ 3,10,000"
"Gohpur, Assam, India",Maruti Suzuki,Swift,2004-2010 VXI with ABS,2008,"100,000 km",Petrol,Automatic,Not Available,2nd,Not Available,Not Available,"₹ 1,70,000"
"Garia Jan, Dhemaji, Assam",Tata,Indica Vista,2008-2013 Aqua 1.2 Safire,2009,"100,000 km",Diesel,Manual,Not Available,2nd,Not Available,Not Available,"₹ 1,20,000"
"Moriani Grant, Mariani, Assam",Mahindra,Bolero Pik-Up,CBC 1.7T,2017,40 km,Diesel,Automatic,Not Available,1st,Not Available,Not Available,"₹ 4,60,000"
"Vartak Enclave, Tezpur, Assam",Maruti Suzuki,Alto 800,LXI,2014,"47,000 km",Petrol,Manual,Red,1st,AS,Comprehensive,"₹ 2,60,000"
"Bharalumukh, Guwahati, Assam",Hyundai,Verna,Fluidic 1.6 VTVT,2016,"50,000 km",Petrol,Manual,White,1st,AS,Comprehensive,"₹ 6,00,000"
"Polo Field, Tezpur, Assam",Maruti Suzuki,Wagon R,ZXI 1.2,2019,"9,800 km",Petrol,Manual,Gold,1st,AS,Comprehensive,"₹ 5,75,000"
"Betapara, Guwahati, Assam",Maruti Suzuki,Swift Dzire,VDI,2012,"58,595 km",Diesel,Manual,Not Available,1st,Not Available,Not Available,"₹ 3,53,000"
"Sankar Dev Nagar, Pub Dhaniram Pather, Assam",Ashok Leyland,Others,Others,2014,"10,477 km",Diesel,Manual,Not Available,3rd,Not Available,Not Available,"₹ 84,500"
"Bhangagarh, Guwahati, Assam",Kia,Seltos,GTX Plus,2020,"10,600 km",Petrol,Manual,Not Available,1st,Not Available,Not Available,"₹ 16,50,000"
"Udmari, Doboka, Assam",Maruti Suzuki,Alto,Std,2007,"78,500 km",Petrol,Manual,Not Available,3rd,Not Available,Not Available,"₹ 1,20,000"
"Ganakpatty, Sibsagar, Assam",Maruti Suzuki,Eeco,5 STR WITH A/C+HTR,2015,"36,588 km",Petrol,Manual,Not Available,1st,Not Available,Not Available,"₹ 3,80,000"
"Khuti Katia, Nagaon, Assam",Maruti Suzuki,Alto K10,Others,2021,0 km,Petrol,Manual,Not Available,1st,Not Available,Not Available,"₹ 18,000"
"Morongal, Nagaon, Assam",Other Brands,Others,Not Available,2020,700 km,Electric,Automatic,Not Available,1st,Not Available,Not Available,"₹ 90,000"
"Chariali Hatigaon, Guwahati, Assam",Hyundai,Grand i10,1.2 Kappa Asta,2015,"39,800 km",Petrol,Manual,Not Available,1st,Not Available,Not Available,"₹ 3,82,000"
"MadhabPur, Nagaon, Assam",Hyundai,Elite i20,Magna 1.2,2011,"62,000 km",Petrol,Manual,Not Available,1st,Not Available,Not Available,"₹ 2,10,000"
"Silangani Gaon, Nagaon, Assam",Mahindra,Bolero Pik-Up,FB 1.25T,2018,"93,000 km",Diesel,Manual,Not Available,1st,Not Available,Not Available,"₹ 7,00,000"
"Banamali Part 1, Karimganj, Assam",Maruti Suzuki,800,AC,2007,"35,000 km",Petrol,Automatic,Not Available,3rd,Not Available,Not Available,"₹ 80,000"
"Haibargaon, Nagaon, Assam",Honda,Brio,Not Available,2014,"82,000 km",Petrol,Manual,White,1st,AS,Comprehensive,"₹ 3,45,000"
"Moriani Grant, Mariani, Assam",Hyundai,Santro,Others,2005,"56,000 km",Petrol,Automatic,Not Available,2nd,Not Available,Not Available,"₹ 80,000"
Not Available,Not Available,Not Available,Not Available,Not Available,Not Available,Not Available,Not Available,Not Available,Not Available,Not Available,Not Available,Not Available
"Barahalia, Tezpur, Assam",Nissan,Micra,2010-2012 XV,2016,"37,000 km",Petrol,Automatic,Not Available,1st,Not Available,Not Available,"₹ 3,90,000"
"Ananda Nagar, Guwahati, Assam",Maruti Suzuki,Swift Dzire,VDI,2013,"58,000 km",Diesel,Manual,Grey,Not Available,AS,Comprehensive,"₹ 3,55,000"
"Dimaruguri near Ananda Nagar, Nagaon, Assam",Hyundai,i10,Sportz,2010,"49,884 km",Petrol,Manual,Not Available,2nd,Not Available,Not Available,"₹ 2,35,000"
"Hatigaon, Guwahati, Assam",Toyota,Fortuner,3.0 4x4 Manual,2012,"80,000 km",Diesel,Manual,White,1st,AS,Comprehensive,"₹ 13,55,000"
"Noonmati, Guwahati, Assam",Mitsubishi,Pajero Sport,Limited Edition,2016,"60,000 km",Diesel,Manual,Red,1st,AS,Comprehensive,"₹ 15,50,000"
"Hatigaon, Guwahati, Assam",Maruti Suzuki,Swift Dzire,ZXI,2014,"42,000 km",Petrol,Manual,Grey,1st,AS,Comprehensive,"₹ 4,65,000"
"North Bongaigaon, Bongaigaon, Assam",Tata,Zest,Revotron 1.2T XMS,2019,"68,000 km",Petrol,Manual,Not Available,1st,Not Available,Not Available,"₹ 4,31,000"
"Borbari, Guwahati, Assam",Toyota,Innova Crysta,2.4 G Plus MT 8S,2019,"28,000 km",Diesel,Manual,White,1st,AS,Zero Dep,"₹ 16,75,000"
"Burigaon, Doboka, Assam",Ashok Leyland,Others,Others,2013,"80,000 km",Diesel,Manual,Not Available,2nd,Not Available,Not Available,"₹ 10,50,000"
"Akashi Nagar, Guwahati, Assam",Mahindra,Others,Others,2020,1 km,Diesel,Manual,Not Available,1st,Not Available,Not Available,"₹ 4,80,000"
"Saguni Bari Gaon, Dibrugarh, Assam",Other Brands,Others,Not Available,2015,"20,000 km",Diesel,Manual,Not Available,1st,Not Available,Not Available,"₹ 3,90,000"
"Chandmari, Guwahati, Assam",Maruti Suzuki,Baleno,1.2 Delta,2016,"65,000 km",Petrol,Manual,Not Available,2nd,Not Available,Not Available,"₹ 4,70,000"
"Bhetapara, Guwahati, Assam",Maruti Suzuki,Wagon R 1.0,1.0 VXi,2013,"90,000 km",Petrol,Manual,Not Available,1st,Not Available,Not Available,"₹ 3,20,000"
"Railway Colony, Tinsukia, Assam",Maruti Suzuki,Alto K10,LX,2015,1 km,Petrol,Manual,Not Available,1st,Not Available,Not Available,"₹ 80,000"
"Kahi Kuchi, Azara, Assam",Hyundai,i10,2007-2010 Magna 1.2,2012,"59,000 km",Petrol,Automatic,Not Available,1st,Not Available,Not Available,"₹ 2,48,000"
"Sonapur, Changsari, Assam",Hyundai,i20 Active,SX Dual Tone Diesel,2015,"90,000 km",Diesel,Manual,Not Available,1st,Not Available,Not Available,"₹ 5,40,000"
"Sarbodaya Nagar, Guwahati, Assam",Maruti Suzuki,800,Std BSII,2007,"80,000 km",Petrol,Manual,Not Available,1st,Not Available,Not Available,"₹ 90,000"
"Borpathar Gaon, Barpathar, Assam",Other Brands,Others,Not Available,2018,156 km,Diesel,Automatic,Not Available,1st,Not Available,Not Available,"₹ 5,50,000"
"Christanpatty, Nagaon, Assam",Mahindra,XUV500,W10 2WD,2016,"145,000 km",Diesel,Manual,Not Available,1st,Not Available,Not Available,"₹ 13,00,000"
"Ambari, Guwahati, Assam",Ford,Aspire,Trend Plus Ti-VCT,2019,"39,600 km",Petrol,Manual,Not Available,1st,Not Available,Not Available,"₹ 4,85,000"
"Birubari, Guwahati, Assam",Hyundai,i20,2009-2011 1.4 Magna ABS,2011,"20,160 km",Petrol,Manual,Not Available,1st,Not Available,Not Available,"₹ 2,80,000"
"Tarphat, Golaghat, Assam",Tata,Indigo Ecs,2008-2012 LS (TDI) BS III,2013,"131,758 km",Diesel,Manual,Not Available,1st,Not Available,Not Available,"₹ 1,42,000"
"Silapathar, Assam, India",Tata,Others,Others,2018,165 km,Diesel,Manual,Not Available,1st,Not Available,Not Available,"₹ 1,80,000"
"Durga Sarovar, Guwahati, Assam",Audi,A3,35 TDI Premium Plus + Sunroof,2014,"68,000 km",Diesel,Automatic,White,2nd,AS,Comprehensive,"₹ 16,00,000"
"Polo Field, Tezpur, Assam",Maruti Suzuki,Ertiga,ZXI Plus Petrol,2020,"12,000 km",Petrol,Manual,White,1st,AS,Comprehensive,"₹ 8,95,000"
"Jalukbari, Guwahati, Assam",Hyundai,Venue,SX Turbo,2021,"7,000 km",Petrol,Manual,White,1st,AS,Comprehensive,"₹ 9,95,000"
"Phakali Pathar, Nagaon, Assam",Maruti Suzuki,Alto,2000-2005 LX,2010,"100,000 km",Petrol,Manual,Not Available,2nd,Not Available,Not Available,"₹ 1,50,000"
"Habir Gaon, Nagaon, Assam",Tata,Others,Others,2015,100 km,Diesel,Automatic,Not Available,1st,Not Available,Not Available,"₹ 6,80,000"
"Six Mile, Guwahati, Assam",Maruti Suzuki,Swift Dzire Tour,LDI,2017,"111,400 km",Diesel,Manual,Not Available,1st,Not Available,Not Available,"₹ 2,75,000"
"Bangaljhora, Bijni, Assam",Datsun,Redi Go,Others,2018,"56,000 km",Petrol,Manual,Not Available,2nd,Not Available,Not Available,"₹ 2,60,000"
"Morongal, Nagaon, Assam",Tata,Indigo Ecs,Others,2012,"7,500 km",Diesel,Automatic,Not Available,1st,Not Available,Not Available,"₹ 1,25,000"
"Silapathar, Assam, India",Chevrolet,Sail,1.2 LS ABS,2014,"16,000 km",Petrol,Manual,Not Available,1st,Not Available,Not Available,"₹ 2,70,000"
"Gandhi Chowk, Doom Dooma, Assam",Maruti Suzuki,Swift,2011-2014 VDI,2009,"60,306 km",Diesel,Manual,Not Available,2nd,Not Available,Not Available,"₹ 2,25,000"
"Noonmati, Guwahati, Assam",Tata,Sumo Gold,Gold CX,2016,"100,000 km",Diesel,Manual,Not Available,1st,Not Available,Not Available,"₹ 5,10,000"
"Ulubari, Guwahati, Assam",Hyundai,Grand i10,1.2 CRDi Asta,2015,"51,000 km",Petrol,Manual,Not Available,1st,Not Available,Not Available,"₹ 4,30,000"
"Dillghat Gaon No 1, Namrup, Assam",Hyundai,Elite i20,Magna 1.2,2016,"43,000 km",Petrol,Manual,Not Available,1st,Not Available,Not Available,"₹ 5,78,000"
"Sonali Jyanti Nagar, Jorhat, Assam",Hyundai,Santro Xing,Not Available,2006,"52,000 km",Not Available,Not Available,Not Available,1st,AS,Not Available,"₹ 1,25,000"
"Bhangagarh, Guwahati, Assam",Datsun,GO,Others,2015,"78,000 km",Petrol,Manual,Not Available,1st,Not Available,Not Available,"₹ 2,30,000"
"Hajua Pathar, Naharkatiya, Assam",Maruti Suzuki,800,AC,2004,"42,092 km",Petrol,Manual,Not Available,2nd,Not Available,Not Available,"₹ 55,000"
"Jhinga Gaon, Tinsukia, Assam",Tata,Nano,2012-2015 Lx BSIV,2013,"12,000 km",Petrol,Manual,Not Available,2nd,Not Available,Not Available,"₹ 99,000"
"Jayanagar, Duliajan, Assam",Fiat,Linea,2007-2013 Emotion Pack,2011,"70,000 km",Petrol,Manual,Not Available,1st,Not Available,Not Available,"₹ 1,80,000"
"Lanka Bazar, Lanka, Assam",Maruti Suzuki,Omni,Others,2015,"35,000 km",Petrol,Manual,Not Available,1st,Not Available,Not Available,"₹ 2,50,000"
"Tulungia Part 1, Abhayapuri, Assam",Tata,Others,Others,2021,0 km,Diesel,Manual,Not Available,1st,Not Available,Not Available,"₹ 1,00,000"
"Hatigaon, Guwahati, Assam",Hyundai,EON,Era +,2013,"53,000 km",Petrol,Manual,Grey,1st,AS,Comprehensive,"₹ 1,95,000"
"Hatigaon, Guwahati, Assam",Maruti Suzuki,Wagon R 1.0,1.0 VXi,2014,"53,000 km",Petrol,Manual,Silver,1st,AS,Comprehensive,"₹ 3,50,000"
"Jalukbari, Guwahati, Assam",Hyundai,EON,Magna +,2011,"55,000 km",Petrol,Manual,Silver,1st,AS,Not Available,"₹ 1,99,000"
"Kota Bari, Guwahati, Assam",Tata,Others,Others,2015,0 km,Diesel,Manual,Not Available,1st,Not Available,Not Available,"₹ 1,40,000"
"Haibargaon, Nagaon, Assam",Hyundai,EON,Sportz,2014,"65,000 km",Petrol,Manual,White,2nd,Not Available,Comprehensive,"₹ 2,50,000"
"Lathimara, Badarpur, Assam",Other Brands,Others,Not Available,2016,"18,000 km",Diesel,Manual,Not Available,2nd,Not Available,Not Available,"₹ 80,000"
"Dimrupar, Hojai, Assam",Maruti Suzuki,Alto 800,2012-2016 LX,2005,"56,000 km",Petrol,Manual,Not Available,2nd,Not Available,Not Available,"₹ 1,25,000"
"Chandmari, Guwahati, Assam",BMW,3 Series,2005-2011 320i,2011,"37,000 km",Petrol,Automatic,Not Available,2nd,Not Available,Not Available,"₹ 9,50,000"
"Bandardewa IID, Assam, India",Chevrolet,Sail U-VA,1.2 LS ABS,2014,"44,000 km",Petrol,Manual,Not Available,1st,Not Available,Not Available,"₹ 2,35,000"
"Kamrup, Guwahati, Assam",Tata,Aria,2010-2013 LX 4x2,2015,"30,000 km",Diesel,Automatic,Not Available,1st,Not Available,Not Available,"₹ 1,20,000"
"Kamrup, Guwahati, Assam",Maruti Suzuki,Wagon R,2010-2012 VXI BSIII,2010,"92,320 km",Petrol,Manual,Not Available,2nd,Not Available,Not Available,"₹ 2,45,000"
"Khanapara, Guwahati, Assam",Ford,Figo,Others,2013,0 km,Diesel,Manual,Not Available,2nd,Not Available,Not Available,"₹ 1,80,000"
"Boladmari, Goalpara, Assam",Mahindra,Xylo,2012-2014 E9,2012,"100,000 km",Diesel,Manual,Not Available,1st,Not Available,Not Available,"₹ 3,10,000"
"Santipur, Guwahati, Assam",Tata,Safari,4x2 EX DICOR BS-III,2010,"130,000 km",Diesel,Manual,Not Available,1st,Not Available,Not Available,"₹ 3,00,000"
"Dighali Ati, Raha, Assam",Maruti Suzuki,Alto 800,LXI,2021,"17,000 km",Petrol,Manual,Not Available,1st,Not Available,Not Available,"₹ 2,60,000"
"Lanka Bazar, Lanka, Assam",Maruti Suzuki,Alto 800,2012-2016 VXI,2020,"38,500 km",Petrol,Automatic,Not Available,1st,Not Available,Not Available,"₹ 3,65,000"
"Laal Ganesh, Guwahati, Assam",Tata,Nano,2012-2015 CX,2012,"45,000 km",Petrol,Manual,Not Available,2nd,Not Available,Not Available,"₹ 63,000"
"Six Mile, Guwahati, Assam",Mahindra,Scorpio,2002-2013 VLX 2.2 mHawk Airbag BSIV,2011,"95,600 km",Diesel,Manual,Not Available,1st,Not Available,Not Available,"₹ 4,50,000"
"Dhit chak, Karimganj, Assam",Mahindra,Others,Others,2013,"38,000 km",Diesel,Manual,Not Available,2nd,Not Available,Not Available,"₹ 60,000"
"Borbari, Guwahati, Assam",Maruti Suzuki,Wagon R,Not Available,2016,"44,000 km",Petrol,Not Available,Brown,Not Available,Not Available,Not Available,"₹ 3,70,000"
"Beltola, Guwahati, Assam",Toyota,Fortuner,2.8 2WD MT,2019,"21,000 km",Diesel,Manual,White,1st,AS,Comprehensive,"₹ 28,00,000"
"Vartak Enclave, Tezpur, Assam",Hyundai,i20 Active,Others,2016,"48,000 km",Petrol,Manual,White,1st,AS,Comprehensive,"₹ 5,50,000"
"Khanapara, Guwahati, Assam",Hyundai,Verna,Fluidic 1.6 VTVT SX Opt,2017,"59,000 km",Petrol,Manual,White,1st,AS,Comprehensive,"₹ 8,80,000"
"Bherbheri, Nagaon, Assam",Maruti Suzuki,Alto 800,STD,2006,"110,000 km",Petrol,Manual,Not Available,2nd,Not Available,Not Available,"₹ 90,000"
"Kaliapani Vill N C, Doom Dooma, Assam",Chevrolet,Spark,2007-2012 1.0,2012,"81,000 km",Petrol,Manual,Not Available,2nd,Not Available,Not Available,"₹ 1,30,000"
"Kumar Gaon, Titabor Town, Assam",Hyundai,i10,Magna,2008,"90,000 km",Petrol,Manual,Not Available,2nd,Not Available,Not Available,"₹ 1,50,000"
"Kukuripar, Bilasipara, Assam",Maruti Suzuki,Alto K10,VXI,2016,"48,000 km",Petrol,Manual,Not Available,2nd,Not Available,Not Available,"₹ 3,10,000"
"Bandhabpara, Bilasipara, Assam",Tata,Others,Others,2018,"900,000 km",Diesel,Manual,Not Available,1st,Not Available,Not Available,"₹ 65,000"
"Khuti Katia, Nagaon, Assam",Mahindra,Others,Others,2018,"3,500 km",Diesel,Manual,Not Available,1st,Not Available,Not Available,"₹ 4,50,000"
"Burhapatia, Kampur Town, Assam",Hyundai,Fluidic Verna,1.6 CRDi S,2012,"76,000 km",Diesel,Manual,Not Available,2nd,Not Available,Not Available,"₹ 3,75,000"
"Naharkatia Kaibatra, Naharkatiya, Assam",Tata,Safari Storme,EX,2016,"100,000 km",Diesel,Manual,Not Available,1st,Not Available,Not Available,"₹ 6,80,000"
"Bezarchuk Bongali, Moran Town, Assam",Hyundai,Santro Xing,XL,2007,"51,000 km",Petrol,Automatic,Not Available,1st,Not Available,Not Available,"₹ 1,65,000"
"Telia Gaon, Nagaon, Assam",Maruti Suzuki,Swift,VXI,2020,20 km,Petrol,Automatic,Not Available,1st,Not Available,Not Available,"₹ 2,00,000"
"Dhing Bazar, Dhing, Assam",Mahindra,XUV500,W5,2019,"24,000 km",Diesel,Manual,Not Available,1st,Not Available,Not Available,"₹ 11,00,000"
"Fauzadari Patty, Nagaon, Assam",Maruti Suzuki,Swift Dzire,VDI,2011,"81,000 km",Diesel,Manual,Not Available,1st,Not Available,Not Available,"₹ 2,18,000"
"Narsing Gaon, Tinsukia, Assam",Maruti Suzuki,Alto,2000-2005 LX,2008,"89,000 km",Petrol,Manual,Not Available,2nd,Not Available,Not Available,"₹ 1,45,000"
"Haibargaon, Nagaon, Assam",Maruti Suzuki,800,Std,2002,"84,000 km",Petrol,Manual,Not Available,1st,Not Available,Not Available,"₹ 80,000"
"Uttarjasnabad Part 1, Lala, Assam",Maruti Suzuki,Alto 800,2012-2016 Base,2016,"108,000 km",Petrol,Automatic,Not Available,2nd,Not Available,Not Available,"₹ 12,00,000"
"Dalgaon, Mangaldoi, Assam",Bajaj,RE60,Qute Petrol,2011,"55,000 km",Petrol,Manual,Not Available,4+,Not Available,Not Available,"₹ 15,000"
"Banfera T G, Sonari, Assam",Tata,Indica Vista,2008-2013 Terra TDI BSIII,2013,"72,000 km",Diesel,Automatic,Not Available,2nd,Not Available,Not Available,"₹ 1,55,000"
"Durga Sarovar, Guwahati, Assam",Honda,Jazz,V CVT,2016,"21,000 km",Petrol,Automatic,Bordeaux/Maroon,1st,AS,Comprehensive,"₹ 5,25,000"
"Vartak Enclave, Tezpur, Assam",Maruti Suzuki,Wagon R 1.0,1.0 LXi,2019,"19,000 km",Petrol,Manual,Grey,1st,AS,Comprehensive,"₹ 5,60,000"
"Hatigaon, Guwahati, Assam",Honda,Amaze,VX i-VTEC,2019,"36,000 km",Petrol,Manual,Grey,1st,AS,Comprehensive,"₹ 6,50,000"
"Gossaipur Part 1, Durga Nagar Part V, Assam",Bajaj,Others,Others,2019,"18,000 km",Petrol,Automatic,Not Available,1st,Not Available,Not Available,"₹ 85,000"
"Pakabetbari Gaon, Barpeta, Assam",Bajaj,Others,Others,2011,"70,000 km",Petrol,Manual,Not Available,3rd,Not Available,Not Available,"₹ 35,000"
"Graham Bazar, Dibrugarh, Assam",Tata,Vista,Others,2012,"113,555 km",Diesel,Automatic,Not Available,1st,Not Available,Not Available,"₹ 1,25,000"
"Kachalokhowa, Nagaon, Assam",Hyundai,EON,Sportz,2013,"58,000 km",Petrol,Manual,Not Available,1st,Not Available,Not Available,"₹ 1,70,000"
"Haibargaon, Nagaon, Assam",Renault,KWID,Not Available,2016,"65,000 km",LPG,Manual,Red,1st,AS,Comprehensive,"₹ 2,75,000"
"Dichoinagar, Naubaisa Gaon, Assam",Tata,Safari,Dicor EX 4X2,2008,"130,000 km",Diesel,Manual,Not Available,1st,Not Available,Not Available,"₹ 1,70,000"
"Chandmari, Guwahati, Assam",Ford,Figo,2012-2015 Diesel LXI,2014,"129,000 km",Diesel,Manual,Not Available,1st,Not Available,Not Available,"₹ 2,50,000"
"Bozaltoli Bongali Gaon, Tinsukia, Assam",Maruti Suzuki,800,Std,2003,"75,000 km",Petrol,Automatic,Not Available,2nd,Not Available,Not Available,"₹ 65,000"
"Gandhi Basti, Guwahati, Assam",Hyundai,Grand i10 Nios,Asta,2020,"9,500 km",Petrol,Manual,Not Available,1st,Not Available,Not Available,"₹ 7,00,000"
"Behia Chetia Gaon, Dibrugarh, Assam",Mahindra,Xylo,2012-2014 E8 ABS BS III,2012,"15,000 km",Diesel,Automatic,Not Available,2nd,Not Available,Not Available,"₹ 3,00,000"
"Garhali, Jorhat, Assam",Honda,City,2015-2017 i DTec E,2015,"55,856 km",Diesel,Manual,Not Available,1st,Not Available,Not Available,"₹ 5,90,000"
"Dicial Gaon, Sibsagar, Assam",Tata,Others,Others,2017,"70,000 km",Diesel,Manual,Not Available,1st,Not Available,Not Available,"₹ 1,80,000"
"Jayanagar, Duliajan, Assam",Hyundai,Santro,LS,2001,70 km,Petrol,Manual,Not Available,2nd,Not Available,Not Available,"₹ 1,20,000"
"Gotanagar, Guwahati, Assam",Volkswagen,Vento,2010-2013 IPL II Petrol Trendline,2013,"64,500 km",Petrol,Manual,Not Available,1st,Not Available,Not Available,"₹ 2,80,000"
"Lathimara, Badarpur, Assam",Other Brands,Others,2005-2010 LX BSIII,2015,"39,000 km",Petrol,Automatic,Not Available,2nd,Not Available,Not Available,"₹ 49,000"
"Amolapatty, Nagaon, Assam",Chevrolet,Beat,2010-2013 Diesel LT,2012,"97,000 km",Diesel,Automatic,Not Available,1st,Not Available,Not Available,"₹ 1,00,000"
"Christanpatty, Nagaon, Assam",Tata,Others,Not Available,2019,"38,108 km",Diesel,Manual,Other,1st,AS,No Insurance,"₹ 4,00,000"
"Vartak Enclave, Tezpur, Assam",Maruti Suzuki,Alto 800,STD,2009,"52,000 km",Petrol,Manual,Black,1st,AS,Comprehensive,"₹ 1,60,000"
"Dhakota, Jorhat, Assam",Renault,KWID,RXT Optional,2016,"24,989 km",Petrol,Manual,Red,1st,AS,Comprehensive,"₹ 2,90,000"
"Jalukbari, Guwahati, Assam",Hyundai,Grand i10,1.2 Kappa Sportz,2014,"52,000 km",Petrol,Manual,Other,1st,AS,Not Available,"₹ 3,75,000"
"Bahbari Gaon, Tinsukia, Assam",Other Brands,Others,Not Available,2015,"23,000 km",Petrol,Manual,Not Available,1st,Not Available,Not Available,"₹ 38,000"
"Navagraha Hills, Guwahati, Assam",Maruti Suzuki,Swift Dzire,VDI,2011,"80,000 km",Diesel,Manual,Not Available,3rd,Not Available,Not Available,"₹ 2,40,000"
"Haibargaon, Nagaon, Assam",Mahindra,Xylo,2012-2014 E4 ABS BS IV,2012,"80,000 km",Diesel,Manual,Not Available,2nd,Not Available,Not Available,"₹ 3,95,000"
"Ahom Gaon, Guwahati, Assam",Datsun,GO,D Petrol,2016,"140,000 km",Petrol,Manual,Not Available,2nd,Not Available,Not Available,"₹ 15,000"
"Amtali, Barpeta Road, Assam",Hyundai,Grand i10,2013-2016 CRDi Asta,2015,"74,000 km",Diesel,Manual,Not Available,1st,Not Available,Not Available,"₹ 3,50,000"
"Mahabhairab, Tezpur, Assam",Honda,Amaze,1.2 EMT I VTEC,2019,"15,000 km",Petrol,Manual,Not Available,1st,Not Available,Not Available,"₹ 7,80,000"
"Dispur, Guwahati, Assam",Maruti Suzuki,Alto 800,LXI,2013,"36,301 km",Petrol,Manual,Not Available,1st,Not Available,Not Available,"₹ 2,40,000"
"Tapatari, Abhayapuri, Assam",Toyota,Corolla Altis,2010-2013 Diesel D4DG,2012,"89,000 km",Diesel,Manual,Not Available,1st,Not Available,Not Available,"₹ 5,50,000"
"Dhemaji Kaibartta, Dergaon, Assam",Hyundai,i10,Era,2010,"67,000 km",Petrol,Manual,Not Available,3rd,Not Available,Not Available,"₹ 1,55,000"
"Barsapara, Guwahati, Assam",Maruti Suzuki,800,AC,2004,"42,000 km",Petrol,Manual,Not Available,1st,Not Available,Not Available,"₹ 1,20,000"
"Kamrup, Guwahati, Assam",Datsun,GO,Style,2017,"55,000 km",Petrol,Manual,Not Available,1st,Not Available,Not Available,"₹ 3,20,000"
"Makum Pathar No 1, Margherita, Assam",Hyundai,Santro Xing,XP,2004,"60,000 km",Petrol,Manual,Not Available,2nd,Not Available,Not Available,"₹ 1,00,000"
"Kakaratoli Gaon, Tinsukia, Assam",Ford,Ecosport,1.5 Petrol Trend,2014,"30,000 km",Petrol,Manual,Not Available,1st,Not Available,Not Available,"₹ 4,80,000"
"Hengerabari, Guwahati, Assam",Toyota,Innova,2.5 EV Diesel PS 8 Seater BSIII,2013,"110,000 km",Diesel,Manual,Not Available,1st,Not Available,Not Available,"₹ 8,00,000"
"Dakhin Sonari Habi, Sonari, Assam",Toyota,Etios Liva,TRD Sportivo Diesel Ltd,2013,"58,000 km",Diesel,Manual,Not Available,1st,Not Available,Not Available,"₹ 3,00,000"
"Barsapara, Guwahati, Assam",Hyundai,Santro,Sportz AMT,2019,"12,853 km",Petrol,Automatic,Not Available,1st,Not Available,Not Available,"₹ 4,70,000"
"Mirihula Block, Moran Town, Assam",Maruti Suzuki,Ritz,Genus VDi,2011,"85,000 km",Diesel,Manual,Not Available,1st,Not Available,Not Available,"₹ 1,75,000"
"Babupatty, Jorhat, Assam",Renault,Duster,2015-2016 110PS Diesel RXZ Option,2017,"57,000 km",Diesel,Manual,Silver,1st,AS,Zero Dep,"₹ 7,25,000"
"Durga Sarovar, Guwahati, Assam",Maruti Suzuki,Wagon R 1.0,1.0 VXi,2015,"60,000 km",Petrol,Manual,Silver,1st,AS,Comprehensive,"₹ 3,80,000"
"Kachujan Gaon, Tinsukia, Assam",Hyundai,EON,Magna +,2016,"50,000 km",Petrol,Manual,Not Available,1st,Not Available,Not Available,"₹ 2,50,000"
"No 2 Bharali Chuk, Dhemaji, Assam",Other Brands,Others,Not Available,2019,"12,000 km",Petrol,Manual,Not Available,1st,Not Available,Not Available,"₹ 1,00,000"
"Ulubari, Guwahati, Assam",Fiat,Punto,Punto Emotion 1.2,2011,"50,000 km",Diesel,Manual,Not Available,2nd,Not Available,Not Available,"₹ 1,45,000"
"Pani Gaon, Nagaon, Assam",Maruti Suzuki,800,EX,1999,"67,000 km",Petrol,Manual,Not Available,1st,Not Available,Not Available,"₹ 42,500"
"Jyotikuchi, Guwahati, Assam",Maruti Suzuki,Wagon R,1999-2006 VXI,2001,"117,000 km",Petrol,Manual,Not Available,3rd,Not Available,Not Available,"₹ 90,000"
"Amolapatty, Nagaon, Assam",Toyota,Etios,1.5 G,2012,"65,000 km",Petrol,Manual,Not Available,2nd,Not Available,Not Available,"₹ 2,80,000"
"Fatasil Ambari, Guwahati, Assam",Mahindra,TUV 300,T8,2017,"33,253 km",Diesel,Manual,Not Available,1st,Not Available,Not Available,"₹ 6,90,000"
"Kamar Gaon, Nagaon, Assam",Hyundai,Santro Xing,XG AT eRLX Euro II,2004,"35,000 km",Petrol,Automatic,Not Available,1st,Not Available,Not Available,"₹ 1,45,000"
"Six Mile, Guwahati, Assam",Tata,Tiago,1.2 Revotron XT,2017,"19,000 km",Petrol,Manual,Not Available,1st,Not Available,Not Available,"₹ 3,95,000"
"Kathalguri, Salakati, Assam",Chevrolet,Spark,Others,2010,"56,300 km",Petrol,Automatic,Not Available,2nd,Not Available,Not Available,"₹ 98,000"
"Bhakatpur Village, Silchar, Assam",Maruti Suzuki,Others,Others,2006,"100,000 km",Petrol,Automatic,Not Available,3rd,Not Available,Not Available,"₹ 80,000"
"Bam Parbatia, Tezpur, Assam",Maruti Suzuki,Alto K10,VXI,2019,"17,000 km",Petrol,Manual,Not Available,1st,Not Available,Not Available,"₹ 4,50,000"
"Rangauti Part 1, Hailakandi, Assam",Maruti Suzuki,Alto 800,LXI,2017,"49,000 km",Petrol,Manual,Not Available,2nd,Not Available,Not Available,"₹ 2,55,000"
"Adabari, Guwahati, Assam",Hyundai,Grand i10,1.2 CRDi Sportz,2014,"103,000 km",Diesel,Manual,Champagne,1st,AS,Comprehensive,"₹ 2,65,000"
"Dispur, Guwahati, Assam",Mahindra,Bolero,2001-2010 SLX,2014,"81,000 km",Diesel,Manual,Not Available,1st,Not Available,Not Available,"₹ 5,00,000"
"Chiristian Basti, Guwahati, Assam",Maruti Suzuki,Swift Dzire,VDI,2013,"68,000 km",Diesel,Manual,Not Available,2nd,Not Available,Not Available,"₹ 3,94,000"
"Sunpora Gohain, Nazira, Assam",Maruti Suzuki,Alto,2005-2010 LX BSIII,2009,"60,000 km",Petrol,Manual,Not Available,2nd,Not Available,Not Available,"₹ 1,75,000"
"Rupnagar, Lanka, Assam",Maruti Suzuki,Ritz,VDi,2011,"88,000 km",Diesel,Automatic,Not Available,3rd,Not Available,Not Available,"₹ 1,80,000"
"Polo Field, Tezpur, Assam",Tata,Sumo Gold,Gold CX,2018,"51,000 km",Diesel,Manual,White,1st,AR,Comprehensive,"₹ 4,95,000"
"Vartak Enclave, Tezpur, Assam",Maruti Suzuki,800,Std BSIII,2006,"91,000 km",Petrol,Manual,Red,1st,AS,Comprehensive,"₹ 1,40,000"
"Durga Sarovar, Guwahati, Assam",Maruti Suzuki,Eeco,5 STR WITH A/C+HTR,2019,"20,000 km",Petrol,Manual,Silver,1st,AS,Not Available,"₹ 4,15,000"
"Rehabari, Guwahati, Assam",Renault,KWID,1.0 RXT,2018,"37,000 km",Petrol,Manual,Not Available,1st,Not Available,Not Available,"₹ 3,50,000"
"Sadharu Ghop, Biswanath Chariali, Assam",Mahindra,Scorpio,2002-2013 LX,2011,"109,283 km",Diesel,Manual,Not Available,1st,Not Available,Not Available,"₹ 5,00,000"
"Amolapatty, Sibsagar, Assam",Maruti Suzuki,Wagon R,VXI AMT,2017,"21,335 km",Petrol,Automatic,Not Available,1st,Not Available,Not Available,"₹ 4,05,000"
"Buribali Part 3, Hindustan Paper Corporation Ltd Township Panchgram, Assam",Maruti Suzuki,Alto,2005-2010 STD,2010,"105,000 km",Petrol,Automatic,Not Available,2nd,Not Available,Not Available,"₹ 1,10,000"
"Deodhai, Nazira, Assam",Hyundai,Creta,1.4 S,2016,"55,000 km",Diesel,Manual,Not Available,1st,Not Available,Not Available,"₹ 7,50,000"
"Silapathar, Assam, India",Renault,KWID,1.0 RXT,2018,"52,000 km",Petrol,Manual,Not Available,2nd,Not Available,Not Available,"₹ 2,20,000"
"Bapuji Nagar, Jorhat, Assam",Hyundai,Grand i10,1.2 Kappa Era,2013,"37,000 km",Petrol,Manual,Not Available,1st,Not Available,Not Available,"₹ 2,49,000"
"Kokrajhar Gaon, Kokrajhar, Assam",Dc,Others,Others,1935,"1,935 km",Petrol,Manual,Not Available,1st,Not Available,Not Available,"₹ 1,50,000"
"Pator Kuchi, Guwahati, Assam",Other Brands,Others,Not Available,2016,"95,000 km",Diesel,Manual,Not Available,1st,Not Available,Not Available,"₹ 2,50,000"
"Kamakhya Nagar, Guwahati, Assam",Hyundai,i10,Era,2008,"84,000 km",Petrol,Manual,Not Available,2nd,Not Available,Not Available,"₹ 1,50,000"
"Maz Putani, Nagaon, Assam",Tata,Indigo Ecs,eCS LX CR4 BS-IV,2012,"100,000 km",Diesel,Manual,Not Available,1st,Not Available,Not Available,"₹ 1,10,000"
"Lachat Nagar, Guwahati, Assam",Maruti Suzuki,Alto,LXi,2011,"45,660 km",Petrol,Manual,Not Available,1st,Not Available,Not Available,"₹ 1,90,000"
"Boladmari, Goalpara, Assam",Mahindra,Scorpio,2002-2013 LX,2009,"150,000 km",Diesel,Manual,Not Available,3rd,Not Available,Not Available,"₹ 2,45,000"
"Amolapatti, Dibrugarh, Assam",Tata,Others,Others,2012,"70,000 km",Diesel,Manual,Not Available,1st,Not Available,Not Available,"₹ 1,80,000"
"Lakhipur Bazaar, Lakhipur Cachar District, Assam",Maruti Suzuki,Others,Others,2016,"75,000 km",Petrol,Manual,Not Available,1st,Not Available,Not Available,"₹ 2,40,000"
"Morankari Gaon, Tinsukia, Assam",Maruti Suzuki,800,AC,2003,"80,000 km",Petrol,Manual,Not Available,2nd,Not Available,Not Available,"₹ 75,000"
"Bhetapara, Guwahati, Assam",Hyundai,Verna,2011-2014 1.6 VTVT,2013,"95,000 km",Petrol,Manual,Not Available,1st,Not Available,Not Available,"₹ 4,30,000"
"Vartak Enclave, Tezpur, Assam",Maruti Suzuki,Swift,VXI,2015,"43,000 km",Petrol,Manual,Other,1st,AS,Comprehensive,"₹ 4,35,000"
"Hatigaon, Guwahati, Assam",Maruti Suzuki,Ertiga,2012-2015 VDI,2012,"63,000 km",Diesel,Manual,Blue,1st,AS,Comprehensive,"₹ 4,75,000"
"Vartak Enclave, Tezpur, Assam",Maruti Suzuki,800,AC,2013,"9,700 km",Petrol,Manual,Silver,1st,AR,Comprehensive,"₹ 1,55,000"
"Jayanagar, Duliajan, Assam",Maruti Suzuki,Zen,LX,2003,"65,000 km",Petrol,Manual,Not Available,1st,Not Available,Not Available,"₹ 1,90,000"
"Christanpatty, Nagaon, Assam",Tata,Others,Not Available,2018,"59,491 km",Diesel,Not Available,White,1st,AS,Comprehensive,"₹ 5,80,000"
"Tipuk T E 100 Fs, Makum Tinsukia District, Assam",Mahindra,XUV500,W8 2WD,2013,"68,000 km",Diesel,Manual,Not Available,2nd,Not Available,Not Available,"₹ 7,65,000"
"Rangauti Part 2, Hailakandi, Assam",Hyundai,Santro Xing,GL,2011,"65,000 km",Petrol,Manual,Not Available,2nd,Not Available,Not Available,"₹ 1,70,000"
"Kastubra Nagar, Guwahati, Assam",Ford,Figo Aspire,1.5 TDCi Trend,2019,"50,500 km",Diesel,Manual,Not Available,1st,Not Available,Not Available,"₹ 5,00,000"
"Ambica Patty, Silchar, Assam",Maruti Suzuki,Ciaz,1.3 Alpha,2019,"4,700 km",Petrol,Manual,Not Available,1st,Not Available,Not Available,"₹ 8,80,000"
"Silapathar, Assam, India",Tata,Others,Others,2018,"12,000 km",Diesel,Automatic,Not Available,1st,Not Available,Not Available,"₹ 1,10,000"
"Dakhin Bidyanagar, Hojai, Assam",Maruti Suzuki,Alto,LX BS-IV,2019,"9,800 km",Petrol,Manual,Not Available,1st,Not Available,Not Available,"₹ 3,25,000"
"Athgaon, Guwahati, Assam",Tata,Nano,2012-2015 CNG LX,2013,"69,000 km",Petrol,Manual,Not Available,2nd,Not Available,Not Available,"₹ 68,000"
"Borjari Gaon, Jamunamukh, Assam",Mahindra,Xylo,2012-2014 E8 ABS BS III,2012,"60,000 km",Diesel,Manual,Not Available,1st,Not Available,Not Available,"₹ 2,80,000"
"Phakali Pathar, Nagaon, Assam",BMW,Others,Others,2010,"100,000 km",Diesel,Automatic,Not Available,2nd,Not Available,Not Available,"₹ 12,50,000"
"Amolapatty, Nagaon, Assam",Maruti Suzuki,Swift,ZDi,2016,"70,000 km",Diesel,Manual,Not Available,1st,Not Available,Not Available,"₹ 4,20,000"
"Vophong Tokbi, Dokmoka, Assam",Maruti Suzuki,Swift,2004-2010 VDI BSIV,2007,"45,000 km",Diesel,Manual,Not Available,2nd,Not Available,Not Available,"₹ 1,90,000"
"Bongal Gaon, Dergaon, Assam",Tata,Indigo Ecs,2008-2012 LX (TDI) BS III,2013,"70,000 km",Diesel,Automatic,Not Available,2nd,Not Available,Not Available,"₹ 1,25,000"
"Badal Gaon, Nagaon, Assam",Maruti Suzuki,Alto,Std,2012,"67,000 km",Petrol,Manual,Not Available,1st,Not Available,Not Available,"₹ 1,63,000"
"Dewri Gaon, Nagaon, Assam",Maruti Suzuki,Alto 800,LX,2006,"52,000 km",Petrol,Manual,Not Available,2nd,Not Available,Not Available,"₹ 1,95,000"
"Gurunanak Nagar, Bongaigaon, Assam",Mahindra,Bolero,ZLX,2016,"10,500 km",Diesel,Manual,Not Available,2nd,Not Available,Not Available,"₹ 5,60,000"
"Hatigaon, Guwahati, Assam",Maruti Suzuki,Alto K10,VXI,2018,"13,000 km",Petrol,Manual,White,1st,AS,Comprehensive,"₹ 3,60,000"
"Vartak Enclave, Tezpur, Assam",Maruti Suzuki,Omni,MPI STD BSIV,2017,"25,000 km",Petrol,Manual,Silver,1st,AS,Comprehensive,"₹ 2,90,000"
"Chalakataki No 2, Duliajan, Assam",Nissan,Terrano,XL (D),2015,"105,000 km",Diesel,Manual,Not Available,1st,Not Available,Not Available,"₹ 5,80,000"
"Nalapara, Guwahati, Assam",Mahindra,Bolero,ZLX,2016,"160,000 km",Diesel,Manual,Not Available,1st,Not Available,Not Available,"₹ 5,50,000"
"Kharija Dholaigaon, Bongaigaon, Assam",Maruti Suzuki,Wagon R,2010-2012 LX BSII,2008,"58,000 km",Petrol,Manual,Not Available,2nd,Not Available,Not Available,"₹ 2,80,000"
"Japorigog, Guwahati, Assam",Maruti Suzuki,Alto K10,K10 VXi (O),2014,"70,000 km",Petrol,Manual,Not Available,2nd,Not Available,Not Available,"₹ 2,70,000"
"Six Mile, Guwahati, Assam",Hyundai,i10,1.2 Kappa Magna,2010,88 km,Petrol,Manual,Not Available,1st,Not Available,Not Available,"₹ 2,10,000"
"Kahi Kuchi, Azara, Assam",Hyundai,i10,Era,2013,"68,000 km",Petrol,Manual,Not Available,2nd,Not Available,Not Available,"₹ 1,80,000"
"Tarphat, Golaghat, Assam",Tata,Nano,2009-2011 Cx,2011,"70,000 km",Petrol,Manual,Not Available,2nd,Not Available,Not Available,"₹ 48,000"
"Buribali Part 3, Hindustan Paper Corporation Ltd Township Panchgram, Assam",Tata,Others,Others,2019,"12,000 km",Diesel,Manual,Not Available,1st,Not Available,Not Available,"₹ 3,70,000"
"New Railway Colony, Guwahati, Assam",Maruti Suzuki,Swift Dzire,VXI,2017,"45,000 km",Petrol,Manual,Not Available,1st,Not Available,Not Available,"₹ 5,50,000"
"Lokhra, Guwahati, Assam",Mahindra,Bolero,ZLX,2016,"60,000 km",Diesel,Manual,White,1st,AS,Comprehensive,"₹ 6,55,000"
"Maj Gaon, Tezpur, Assam",Hyundai,i10,1.2 Kappa SPORTZ,2011,"46,000 km",Petrol,Manual,Not Available,1st,Not Available,Not Available,"₹ 2,50,000"
"Resham Nagar, Guwahati, Assam",Maruti Suzuki,Swift Dzire,LXI,2010,"86,000 km",Petrol,Manual,Not Available,2nd,Not Available,Not Available,"₹ 2,00,000"
"Bhalukdubi, Goalpara, Assam",Hyundai,EON,Magna +,2012,"62,138 km",Petrol,Manual,Not Available,1st,Not Available,Not Available,"₹ 2,00,000"
"South Amolapatty, Dibrugarh, Assam",Hyundai,EON,Era +,2015,23 km,Petrol,Manual,Not Available,1st,Not Available,Not Available,"₹ 2,20,000"
"Amguri, Bongaigaon, Assam",Maruti Suzuki,Swift Dzire,VDI,2016,"68,839 km",Diesel,Manual,Not Available,1st,Not Available,Not Available,"₹ 4,60,000"
"Champak Nagar, Hailakandi, Assam",Tata,Others,Others,2018,"27,456 km",Diesel,Manual,Not Available,2nd,Not Available,Not Available,"₹ 1,90,000"
"Dhobartari, Changsari, Assam",Toyota,Innova,Others,2008,"198,000 km",Diesel,Manual,Not Available,2nd,Not Available,Not Available,"₹ 4,20,000"
"Haibargaon, Nagaon, Assam",Maruti Suzuki,Swift Dzire,VXI,2018,"46,000 km",Petrol,Manual,Not Available,1st,Not Available,Not Available,"₹ 6,00,000"
"Six Mile, Guwahati, Assam",Ford,Figo,1.2 Trend Plus MT,2017,"38,000 km",Petrol,Manual,Not Available,1st,Not Available,Not Available,"₹ 4,00,000"
"Jalukbari, Guwahati, Assam",Hyundai,EON,Magna +,2011,"55,000 km",Petrol,Manual,Silver,1st,AS,Not Available,"₹ 1,99,000"
"Polo Field, Tezpur, Assam",Mahindra,XUV300,W4,2019,"25,000 km",Petrol,Manual,White,1st,AR,Comprehensive,"₹ 7,35,000"
"MilonPur, Nagaon, Assam",Hyundai,i20,1.2 Spotz,2015,"89,555 km",Diesel,Manual,Not Available,1st,Not Available,Not Available,"₹ 4,80,000"
"Barbheti, Nagaon, Assam",Fiat,Punto,Active 1.3,2012,"50,000 km",Diesel,Manual,Not Available,1st,Not Available,Not Available,"₹ 2,20,000"
"Bali Chapari, Tezpur, Assam",Hyundai,EON,Magna +,2014,"17,120 km",Petrol,Manual,Not Available,2nd,Not Available,Not Available,"₹ 2,25,000"
"Parakuchi, Sanpara, Assam",Tata,Indica V2,DL BSIII,2005,"31,000 km",Diesel,Manual,Not Available,2nd,Not Available,Not Available,"₹ 60,000"
"Chota Haibor, Nagaon, Assam",Chevrolet,Enjoy,2013-2015 TCDi LS 8 Seater,2015,"55,000 km",Diesel,Manual,Not Available,2nd,Not Available,Not Available,"₹ 2,60,000"
"Bherbheri, Nagaon, Assam",Hyundai,EON,D Lite,2011,"36,000 km",Petrol,Manual,Not Available,1st,Not Available,Not Available,"₹ 2,20,000"
"Forest Colony, Diphu, Assam",Maruti Suzuki,Zen Estilo,1.1 LXI BSIII,2010,"57,706 km",Petrol,Automatic,Not Available,1st,Not Available,Not Available,"₹ 1,80,000"
"Nui Colony, Diphu, Assam",Ford,Figo,2010-2012 Diesel Titanium,2012,"151,000 km",Diesel,Manual,Not Available,1st,Not Available,Not Available,"₹ 1,70,000"
"Sankar Dev Nagar, Pub Dhaniram Pather, Assam",Maruti Suzuki,Alto K10,K10 VXi (O),2017,"55,000 km",Petrol,Automatic,Not Available,2nd,Not Available,Not Available,"₹ 2,50,000"
"Mission Chariali Ketekibari, Tezpur, Assam",Hyundai,i10,1.2 Kappa Magna,2012,"56,000 km",Petrol,Automatic,Not Available,1st,Not Available,Not Available,"₹ 2,40,000"
"Fakial Gaon No 2, Margherita, Assam",Maruti Suzuki,800,Others,2002,"74,000 km",Petrol,Manual,Not Available,2nd,Not Available,Not Available,"₹ 90,000"
"Chatibor Gaon, Bongaigaon RPCL Township, Assam",Maruti Suzuki,Alto,2000-2005 LX,2004,"100,000 km",Petrol,Automatic,Not Available,2nd,Not Available,Not Available,"₹ 1,30,000"
"Chapaguri, Bongaigaon, Assam",Hyundai,Grand i10,1.2 Kappa Sportz,2017,"94,000 km",Petrol,Manual,Not Available,1st,Not Available,Not Available,"₹ 3,90,000"
"Sarusajai, Guwahati, Assam",Tata,Others,Others,2017,"109,500 km",Diesel,Manual,Not Available,2nd,Not Available,Not Available,"₹ 2,87,000"
"Sankar Dev Nagar, Pub Dhaniram Pather, Assam",Chevrolet,Beat,2010-2013 Diesel LS,2012,"70,000 km",Diesel,Manual,Not Available,2nd,Not Available,Not Available,"₹ 1,30,000"
"Meherpur Beltala, Silchar, Assam",Hyundai,i10,1.1L iRDE ERA Special Edition,2012,"52,000 km",Petrol,Manual,Not Available,2nd,Not Available,Not Available,"₹ 2,30,000"
"Uttar Salmara Part 1, Abhayapuri, Assam",Maruti Suzuki,A-Star,Vxi,2012,"49,000 km",Petrol,Automatic,Not Available,2nd,Not Available,Not Available,"₹ 1,80,000"
"Durga Sarovar, Guwahati, Assam",Hyundai,i10,Sportz,2010,"55,000 km",Petrol,Manual,White,2nd,AS,Comprehensive,"₹ 2,20,000"
"Durga Sarovar, Guwahati, Assam",Mahindra,Scorpio,S10,2015,"105,000 km",Diesel,Manual,White,1st,AS,Comprehensive,"₹ 9,00,000"
"Khanapara, Guwahati, Assam",Honda,City,i-DTEC VX,2014,"124,000 km",Diesel,Manual,Champagne,1st,Not Available,Not Available,"₹ 5,65,000"
"Mayapuri, Bongaigaon, Assam",Maruti Suzuki,Swift Dzire,VDI,2010,"60,360 km",Diesel,Manual,Not Available,4+,Not Available,Not Available,"₹ 2,20,000"
"Kahilpara, Guwahati, Assam",Renault,Duster,110PS Diesel RxL,2015,"80,000 km",CNG & Hybrids,Manual,Not Available,1st,Not Available,Not Available,"₹ 5,60,000"
"Borbari, Guwahati, Assam",Chevrolet,Beat,Not Available,2014,"44,000 km",Petrol,Not Available,White,Not Available,Not Available,Not Available,"₹ 1,90,000"
"Pani Gaon, Nagaon, Assam",Other Brands,Others,Not Available,2018,"3,000 km",Diesel,Automatic,Not Available,1st,Not Available,Not Available,"₹ 1,40,000"
"Kukurakata, Tangla, Assam",Mahindra,Others,Others,2015,445 km,Diesel,Automatic,Not Available,2nd,Not Available,Not Available,"₹ 2,80,000"
"Borhai Chuburi, Tezpur, Assam",Maruti Suzuki,Vitara Brezza,ZDi Plus,2020,"19,000 km",Diesel,Manual,Not Available,1st,Not Available,Not Available,"₹ 9,80,000"
"Dalgaon, Mangaldoi, Assam",Tata,Manza,"Manza Aura (ABS), Quadrajet BS-IV",2011,"119,000 km",Diesel,Manual,Not Available,1st,Not Available,Not Available,"₹ 1,49,000"
"Phaltu Gaon, Margherita, Assam",Tata,Indigo XL,Classic Dicor,2008,"90,000 km",Diesel,Manual,Not Available,1st,Not Available,Not Available,"₹ 80,000"
"Mangaldoi Industrial Area, Mangaldoi, Assam",Maruti Suzuki,Swift,VXi + Manual,2018,"52,000 km",Petrol,Manual,Not Available,1st,Not Available,Not Available,"₹ 4,55,000"
"Dispur, Guwahati, Assam",Maruti Suzuki,Alto 800,2012-2016 LXI,2013,"68,000 km",Petrol,Manual,Not Available,1st,Not Available,Not Available,"₹ 2,20,000"
"Jengonikatia, Sibsagar, Assam",Maruti Suzuki,800,EX,2000,"75,000 km",Petrol,Manual,Not Available,2nd,Not Available,Not Available,"₹ 80,000"
"Islampur, Guwahati, Assam",Ford,Figo Aspire,1.2 Ti-VCT Titanium Plus,2015,"34,300 km",Petrol,Manual,Not Available,1st,Not Available,Not Available,"₹ 5,10,000"
"Gohain Handique, Nazira, Assam",Tata,Others,Others,2013,"111,111 km",Diesel,Manual,Not Available,2nd,Not Available,Not Available,"₹ 2,30,000"
"Rangauti Part 2, Hailakandi, Assam",Other Brands,Others,Not Available,2017,"50,000 km",Diesel,Manual,Not Available,2nd,Not Available,Not Available,"₹ 1,60,000"
"Ahuchaul Konwar, North Lakhimpur, Assam",Hyundai,i10,1.2 Kappa SPORTZ,2016,"23,000 km",Petrol,Manual,Not Available,1st,Not Available,Not Available,"₹ 3,00,010"
"Notun Basti, Laharijan Natun Bosti, Assam",Datsun,Redi Go,Others,2017,"27,000 km",Petrol,Manual,Not Available,2nd,Not Available,Not Available,"₹ 1,90,000"
"Purbagool, Hailakandi, Assam",Maruti Suzuki,Alto 800,2012-2016 CNG LXI,2014,"10,000 km",Petrol,Automatic,Not Available,4th,Not Available,Not Available,"₹ 1,75,000"
"Hatigaon, Guwahati, Assam",Hyundai,i10,1.2 Kappa Magna,2010,"58,000 km",Petrol,Manual,White,1st,AS,Comprehensive,"₹ 2,40,000"
"Durga Sarovar, Guwahati, Assam",Maruti Suzuki,Swift Dzire,VXI 1.2,2015,"33,000 km",Petrol,Manual,White,1st,AS,Comprehensive,"₹ 4,60,000"
"Vartak Enclave, Tezpur, Assam",Maruti Suzuki,Swift Dzire,VXI,2017,"27,000 km",Petrol,Manual,Silver,1st,AS,Comprehensive,"₹ 6,35,000"
"Doomdooma Pathar Gaon, Doom Dooma, Assam",Tata,Others,Others,2016,"40,000 km",Diesel,Manual,Not Available,1st,Not Available,Not Available,"₹ 6,00,000"
"Bherbheri, Nagaon, Assam",Tata,Safari,Others,2011,"91,000 km",Diesel,Manual,Not Available,1st,Not Available,Not Available,"₹ 2,10,000"
"Dispur, Guwahati, Assam",Ford,Ecosport,1.5 Diesel Titanium,2015,"61,000 km",Diesel,Manual,Not Available,1st,Not Available,Not Available,"₹ 5,25,000"
"Mission Chariali Ketekibari, Tezpur, Assam",Tata,Others,Others,2017,"61,000 km",Diesel,Manual,Not Available,1st,Not Available,Not Available,"₹ 2,85,000"
"Amolapatty Gaon, Golaghat, Assam",Maruti Suzuki,800,Others,2001,"40,000 km",Petrol,Manual,Not Available,2nd,Not Available,Not Available,"₹ 40,000"
"Bandardewa IID, Assam, India",Tata,Others,Others,2014,"100,000 km",Diesel,Manual,Not Available,1st,Not Available,Not Available,"₹ 1,60,000"
"Garhali, Jorhat, Assam",Chevrolet,Aveo,1.4 LT with ABS,2009,"120,000 km",Petrol,Automatic,Not Available,1st,Not Available,Not Available,"₹ 1,95,000"
"Bori Gaon, Jorhat, Assam",Maruti Suzuki,Estilo,LXI,2010,"78,000 km",Petrol,Manual,Not Available,2nd,Not Available,Not Available,"₹ 1,50,000"
"Kaliapani Vill N C, Doom Dooma, Assam",Mahindra,XUV500,W10 AWD,2018,"34,500 km",Diesel,Automatic,Not Available,1st,Not Available,Not Available,"₹ 16,50,000"
"Ambari, Guwahati, Assam",Hyundai,Santro,LS zipPlus,2003,"74,000 km",Petrol,Manual,Not Available,1st,Not Available,Not Available,"₹ 1,25,000"
"Patni, Niz Hajo, Assam",Tata,Indica Vista,2008-2013 TDI LX,2011,"65,000 km",Diesel,Automatic,Not Available,2nd,Not Available,Not Available,"₹ 98,000"
"Borbari, Guwahati, Assam",Mahindra,Scorpio,2002-2013 VLX,2013,"120,000 km",Petrol,Manual,White,1st,AS,Zero Dep,"₹ 6,25,000"
"Dulia Gaon, Jorhat, Assam",Maruti Suzuki,800,Std,2000,"36,000 km",Petrol,Manual,Not Available,2nd,Not Available,Not Available,"₹ 57,000"
"Six Mile, Guwahati, Assam",Hyundai,Verna,2011-2014 1.6 SX,2013,"62,000 km",Diesel,Manual,Not Available,2nd,Not Available,Not Available,"₹ 5,30,000"
"Aironjangla Part 2, Jhagra Pt III, Assam",Mahindra,Bolero,2001-2010 SLX 2WD BSIII,2007,"90,000 km",Diesel,Automatic,Not Available,2nd,Not Available,Not Available,"₹ 3,50,000"
"Galiahat, Barpeta, Assam",Tata,Indigo CS,CS LE TDI,2008,"37,000 km",Petrol,Manual,Not Available,2nd,Not Available,Not Available,"₹ 1,30,000"
"Accounts And Medical Colony, Lumding, Assam",Maruti Suzuki,Celerio,2014-2017 ZXI,2017,"75,000 km",Petrol,Manual,Not Available,1st,Not Available,Not Available,"₹ 3,75,000"
"Sonali Jyanti Nagar, Jorhat, Assam",Ford,Figo,1.2P Trend MT,2016,"60,000 km",Petrol,Manual,Not Available,1st,Not Available,Not Available,"₹ 3,50,000"
"Dhakota, Jorhat, Assam",Maruti Suzuki,Omni,BSIII 8-STR W/ IMMOBILISER,2018,"15,300 km",Petrol,Manual,Blue,1st,AS,Comprehensive,"₹ 3,05,000"
"Hatigaon, Guwahati, Assam",Tata,Others,Not Available,2016,"150,000 km",Diesel,Manual,White,1st,AS,Comprehensive,"₹ 13,75,000"
"Bherbheri, Nagaon, Assam",Tata,Safari,Others,2011,"91,000 km",Diesel,Manual,Not Available,1st,Not Available,Not Available,"₹ 2,10,000"
"Khanamukh, Dharapur, Assam",Tata,Indica Vista,2008-2013 TDI LX,2012,"55,000 km",Diesel,Manual,Not Available,1st,Not Available,Not Available,"₹ 75,000"
"Alubari Gaon No 2, Margherita, Assam",Maruti Suzuki,800,AC,2008,60 km,Petrol,Automatic,Not Available,2nd,Not Available,Not Available,"₹ 75,000"
"Amolapatty, Nagaon, Assam",Hyundai,EON,Magna +,2019,"9,000 km",Petrol,Automatic,Not Available,1st,Not Available,Not Available,"₹ 2,87,000"
"Zoo Tiniali, Guwahati, Assam",Honda,Brio,1.2 S MT,2014,"83,000 km",Petrol,Manual,Not Available,1st,Not Available,Not Available,"₹ 2,75,000"
"Numaligarh Block, Numaligarh Refinery Township, Assam",Tata,Indica Vista,2008-2013 TDI LX,2013,"96,000 km",Diesel,Manual,Not Available,2nd,Not Available,Not Available,"₹ 1,25,000"
"Uttar Bidyanagar, Hojai, Assam",Hyundai,Creta,1.6 CRDi SX Plus Dual Tone,2016,"64,000 km",Diesel,Manual,Not Available,2nd,Not Available,Not Available,"₹ 8,90,000"
"RBI Colony, Guwahati, Assam",Maruti Suzuki,Swift Dzire Tour,LDI,2018,"85,000 km",Diesel,Manual,Not Available,1st,Not Available,Not Available,"₹ 4,05,000"
"Uzan Bazar, Guwahati, Assam",Toyota,Innova,2.5 G (Diesel) 7 Seater BS-IV,2015,"270,000 km",Diesel,Manual,Not Available,2nd,Not Available,Not Available,"₹ 8,00,000"
"Adabari, Guwahati, Assam",Maruti Suzuki,S-Cross,Zeta 1.3,2018,"55,000 km",Diesel,Manual,Not Available,1st,Not Available,Not Available,"₹ 6,65,000"
"Sankarpur, Guwahati, Assam",Maruti Suzuki,Swift Dzire Tour,LDI,2016,"218,000 km",Diesel,Manual,Not Available,1st,Not Available,Not Available,"₹ 3,50,000"
"Haibargaon, Nagaon, Assam",Maruti Suzuki,Swift Dzire,VDI,2017,"106,200 km",Diesel,Manual,Not Available,1st,Not Available,Not Available,"₹ 5,30,000"
"Sijubari, Guwahati, Assam",Hyundai,Santro Xing,GLS,2009,"60,000 km",Petrol,Manual,Not Available,1st,Not Available,Not Available,"₹ 1,35,000"
"Murara, Rangia, Assam",Tata,Nano GenX,GenX XM,2015,"34,000 km",Petrol,Manual,Not Available,2nd,Not Available,Not Available,"₹ 1,55,000"
"Sikari Basti, Diphu, Assam",Maruti Suzuki,Alto,2005-2010 LXi BSIII,2008,"71,000 km",Petrol,Manual,Not Available,1st,Not Available,Not Available,"₹ 1,45,000"
"Fauzdaripatty, Nagaon, Assam",Maruti Suzuki,Vitara Brezza,ZDi Plus,2017,"67,500 km",Diesel,Manual,Not Available,1st,Not Available,Not Available,"₹ 7,20,000"
"Adabari, Guwahati, Assam",Maruti Suzuki,Swift,2004-2010 VDI BSIV,2009,"50,000 km",Diesel,Automatic,Not Available,1st,Not Available,Not Available,"₹ 2,00,000"
"Dhakota, Jorhat, Assam",Hyundai,Verna,VTVT 1.6 EX,2018,"48,500 km",Petrol,Manual,Black,1st,AS,Zero Dep,"₹ 6,80,000"
"Hatigaon, Guwahati, Assam",Mahindra,XUV500,W11 Option,2020,"22,000 km",Diesel,Manual,Other,1st,AS,Comprehensive,"₹ 16,95,000"
"Durga Sarovar, Guwahati, Assam",Mahindra,Scorpio,S11,2019,"31,000 km",Diesel,Manual,White,1st,AS,Comprehensive,"₹ 15,45,000"
"Dona Kuchi, Barpeta, Assam",Maruti Suzuki,800,Uniq,2004,"80,000 km",Petrol,Manual,Not Available,1st,Not Available,Not Available,"₹ 1,20,000"
"Chowk Bazar, Tezpur, Assam",Maruti Suzuki,Ertiga,VXI,2013,"65,000 km",Petrol,Manual,Not Available,1st,Not Available,Not Available,"₹ 4,90,000"
"Borjari Gaon, Jamunamukh, Assam",Tata,Others,Others,2019,"29,000 km",Diesel,Manual,Not Available,2nd,Not Available,Not Available,"₹ 2,30,000"
"Gopal Nagar, Guwahati, Assam",Hyundai,i10,Sportz 1.2 Kappa2,2011,"40,150 km",Petrol,Automatic,Not Available,1st,Not Available,Not Available,"₹ 2,20,000"
"Beltola, Guwahati, Assam",Maruti Suzuki,800,AC BSIII,2010,"85,000 km",Petrol,Manual,Not Available,3rd,Not Available,Not Available,"₹ 1,38,000"
"Jalukbari, Guwahati, Assam",Maruti Suzuki,800,Std,1998,"65,000 km",Petrol,Manual,Silver,2nd,AS,Third Party,"₹ 70,000"
"Kalitakuchi, Guwahati, Assam",Tata,Nano,2012-2015 CX,2011,"66,000 km",Petrol,Automatic,Not Available,2nd,Not Available,Not Available,"₹ 30,000"
"Adabari, Guwahati, Assam",Volkswagen,Polo,1.2 MPI Trendline,2011,"59,000 km",Petrol,Manual,Red,1st,AS,Comprehensive,"₹ 2,35,000"
"Sonali Jyanti Nagar, Jorhat, Assam",Tata,Indigo Ecs,eCS LS CR4 BS-IV,2012,"78,000 km",Diesel,Automatic,Not Available,2nd,Not Available,Not Available,"₹ 1,30,000"
"Jhinga Gaon, Tinsukia, Assam",Other Brands,Others,Not Available,2016,"2,500 km",Diesel,Manual,Not Available,1st,Not Available,Not Available,"₹ 4,60,000"
"Gossaigaon Bazar, Gossaigaon, Assam",Maruti Suzuki,Alto K10,VXI,2015,"78,500 km",Petrol,Manual,Not Available,2nd,Not Available,Not Available,"₹ 2,90,000"
"Gohain Handique, Nazira, Assam",Mahindra,Bolero Pik-Up,FB 1.7T,2017,"62,000 km",Diesel,Manual,Not Available,1st,Not Available,Not Available,"₹ 4,80,000"
"Sarthe Rongpi, Diphu, Assam",Maruti Suzuki,Alto,2005-2010 LX BSIII,2007,83 km,Petrol,Manual,Not Available,2nd,Not Available,Not Available,"₹ 1,30,000"
"Gangapara, Hailakandi, Assam",Ford,Figo,1.2P Titanium Plus MT,2013,"37,000 km",Diesel,Manual,Not Available,2nd,Not Available,Not Available,"₹ 2,50,000"
"Tukulai Bebejia, Nagaon, Assam",Mahindra,Bolero,2001-2010 DI Non AC BSIII,2021,0 km,Diesel,Automatic,Not Available,1st,Not Available,Not Available,"₹ 50,000"
"Sukan Pukhuri, Sepon, Assam",Maruti Suzuki,Eeco,7 Seater Standard,2011,"73,000 km",Petrol,Manual,Not Available,1st,Not Available,Not Available,"₹ 2,49,999"
"Lokhra, Guwahati, Assam",Mahindra,Scorpio,S7 120,2018,"62,000 km",Diesel,Manual,White,1st,AS,Comprehensive,"₹ 11,25,000"
"Polo Field, Tezpur, Assam",Toyota,Etios,2014-2016 VX,2014,"43,000 km",Petrol,Manual,White,1st,AS,Not Available,"₹ 3,95,000"
"Polo Field, Tezpur, Assam",Maruti Suzuki,Swift Dzire,AMT ZXI Plus,2017,"3,700 km",Petrol,Automatic,Bordeaux/Maroon,1st,AS,Comprehensive,"₹ 6,65,000"
"Jalukbari, Guwahati, Assam",Mahindra,Scorpio,VLX BS III,2012,"75,000 km",Diesel,Manual,Other,1st,AS,Comprehensive,"₹ 4,85,000"
"Uttarjasnabad Part 1, Lala, Assam",Maruti Suzuki,Alto K10,VXI,2018,"13,000 km",Petrol,Automatic,Not Available,1st,Not Available,Not Available,"₹ 1,75,000"
"Golampatty, Golaghat, Assam",Mahindra,Supro,Others,2018,"80,000 km",Diesel,Manual,Not Available,1st,Not Available,Not Available,"₹ 3,10,000"
"Hatimuria, Sibsagar, Assam",Chevrolet,Beat,LT Petrol,2012,"63,000 km",Petrol,Manual,Not Available,2nd,Not Available,Not Available,"₹ 1,65,000"
"Kharijapikon, Asudubi, Assam",Maruti Suzuki,Alto K10,VXI,2017,"32,000 km",Petrol,Manual,Not Available,1st,Not Available,Not Available,"₹ 3,30,000"
"Kamrup, Guwahati, Assam",Maruti Suzuki,Vitara Brezza,ZDi Plus,2019,"17,990 km",Diesel,Manual,Not Available,1st,Not Available,Not Available,"₹ 8,95,000"
"Simaluguri, Nazira, Assam",Hyundai,i10,Sportz,2010,"66,000 km",Petrol,Automatic,Not Available,2nd,Not Available,Not Available,"₹ 2,60,000"
"Maligaon, Guwahati, Assam",Other Brands,Others,Not Available,2015,"16,532 km",Diesel,Automatic,Not Available,2nd,Not Available,Not Available,"₹ 1,00,000"
"Rehabari, Guwahati, Assam",Mahindra,Bolero,ZLX,2014,"95,000 km",Diesel,Manual,Not Available,1st,Not Available,Not Available,"₹ 5,50,000"
"Cinnamora, Chekonidhara, Assam",Kia,Others,Others,2020,"7,000 km",Diesel,Manual,Not Available,1st,Not Available,Not Available,"₹ 10,20,000"
"Hatipota Part 1, Bilasipara, Assam",Tata,Others,Others,2012,"27,000 km",Diesel,Automatic,Not Available,1st,Not Available,Not Available,"₹ 5,50,000"
"Chandmari, Guwahati, Assam",Maruti Suzuki,Omni,8 Seater BSIV,2017,"30,000 km",Petrol,Not Available,White,1st,AS,Comprehensive,"₹ 2,35,000"
"Adabari, Guwahati, Assam",Maruti Suzuki,Wagon R 1.0,1.0 VXi,2016,"42,000 km",Petrol,Manual,Brown,1st,AS,Comprehensive,"₹ 3,65,000"
"Adabari, Guwahati, Assam",Hyundai,Santro,Sportz,2019,"13,000 km",Petrol,Manual,Champagne,1st,AS,Comprehensive,"₹ 4,50,000"
"Dhakuakhana, Assam, India",Bajaj,Others,Others,2018,"37,000 km",Petrol,Automatic,Not Available,1st,Not Available,Not Available,"₹ 90,000"
"Bakal, Dhemaji, Assam",Tata,Winger,Deluxe - Flat Roof (Non-AC),2014,"35,000 km",Diesel,Manual,Not Available,2nd,Not Available,Not Available,"₹ 1,80,000"
"Borbari, Guwahati, Assam",Honda,City,2011-2013 V MT Exclusive,2013,"44,000 km",Petrol,Manual,White,1st,AS,Zero Dep,"₹ 5,75,000"
"Pakabetbari Gaon, Barpeta, Assam",Maruti Suzuki,Alto,LXi,2006,"70,000 km",Petrol,Manual,Not Available,1st,Not Available,Not Available,"₹ 1,50,000"
"Vartak Enclave, Tezpur, Assam",Hyundai,EON,1.0 Era Plus,2016,"28,000 km",Petrol,Manual,Other,1st,AS,Comprehensive,"₹ 2,40,000"
"Dhakota, Jorhat, Assam",Maruti Suzuki,Omni,8 Seater BSIV,2016,"46,800 km",Petrol,Manual,Blue,1st,AS,Comprehensive,"₹ 2,50,000"
"Hengerabari, Guwahati, Assam",Maruti Suzuki,Zen Estilo,LXI BS IV,2007,"59,000 km",Petrol,Manual,Not Available,1st,Not Available,Not Available,"₹ 1,28,000"
"Jum Part 5, Badarpur Rly Town, Assam",Hyundai,Santro,New,2020,"9,000 km",Petrol,Manual,Not Available,1st,Not Available,Not Available,"₹ 4,00,000"
"Uttarjasnabad Part 1, Lala, Assam",Maruti Suzuki,Alto 800,STD,2015,"121,000 km",Petrol,Automatic,Not Available,2nd,Not Available,Not Available,"₹ 1,72,000"
"Purbagool, Hailakandi, Assam",Maruti Suzuki,A-Star,Vxi,2009,"70,000 km",Petrol,Manual,Not Available,2nd,Not Available,Not Available,"₹ 1,85,000"
"Bishnupur, Moranhat, Assam",Maruti Suzuki,Wagon R,2010-2012 VXi BSII,2010,97 km,Petrol,Manual,Not Available,2nd,Not Available,Not Available,"₹ 2,10,000"
"Accounts And Medical Colony, Lumding, Assam",Chevrolet,Optra,1.6,2007,"75,000 km",Petrol,Manual,Not Available,2nd,Not Available,Not Available,"₹ 1,00,000"
"Silpukhuri, Guwahati, Assam",Ford,Ikon,1.6 Nxt,2002,"78,000 km",Petrol,Manual,Not Available,2nd,Not Available,Not Available,"₹ 1,08,000"
"Six Mile, Guwahati, Assam",Maruti Suzuki,Omni,8 Seater BSIV,2017,"30,000 km",Petrol,Not Available,White,1st,Not Available,Not Available,"₹ 2,35,000"
"Naltali, Bhomoraguri AIDC, Assam",Maruti Suzuki,800,AC,1998,"45,000 km",Petrol,Manual,Not Available,2nd,Not Available,Not Available,"₹ 50,000"
"Pasatia Morigaon, Marigaon, Assam",Hyundai,EON,Magna +,2015,"38,000 km",Petrol,Manual,Not Available,2nd,Not Available,Not Available,"₹ 2,25,000"
"Maj Gaon, Tezpur, Assam",Maruti Suzuki,Omni,8 Seater BSII,2017,"15,600 km",Petrol,Manual,Not Available,1st,Not Available,Not Available,"₹ 2,90,000"
"Nahar Gaon, Doboka, Assam",Tata,Altroz,Others,2014,"60,000 km",Diesel,Automatic,Not Available,1st,Not Available,Not Available,"₹ 3,00,000"
"Khelmati, North Lakhimpur, Assam",Maruti Suzuki,Swift Dzire,VXI 1.2,2015,"52,000 km",Petrol,Manual,Not Available,1st,Not Available,Not Available,"₹ 4,00,000"
"Mankachar, Assam, India",Maruti Suzuki,Zen,VXi - BS III,2007,"7,000 km",Petrol,Automatic,Not Available,1st,Not Available,Not Available,"₹ 90,000"
"Buribali Part 3, Hindustan Paper Corporation Ltd Township Panchgram, Assam",Maruti Suzuki,Others,Others,2010,"90,000 km",Petrol,Manual,Not Available,2nd,Not Available,Not Available,"₹ 1,45,000"
"Rahman Nagar, Guwahati, Assam",Maruti Suzuki,800,AC,2008,"57,000 km",Petrol,Manual,Not Available,2nd,Not Available,Not Available,"₹ 1,55,000"
"Six Mile, Guwahati, Assam",Toyota,Innova,2.5 GX (Diesel) 8 Seater,2011,"150,000 km",Diesel,Manual,Not Available,2nd,Not Available,Not Available,"₹ 5,50,000"
"Boragadhai, Duliajan, Assam",Maruti Suzuki,Baleno,1.3 Alpha,2017,"83,000 km",Diesel,Manual,Not Available,1st,Not Available,Not Available,"₹ 6,00,000"
"Jalukbari, Guwahati, Assam",Mahindra,TUV 300,T8,2017,"89,000 km",Diesel,Manual,White,1st,AS,Not Available,"₹ 5,95,000"
"Dhakota, Jorhat, Assam",Hyundai,Xcent,1.2 VTVT SX Option,2015,"52,360 km",Petrol,Manual,Red,1st,AS,Comprehensive,"₹ 4,70,000"
"Polo Field, Tezpur, Assam",Maruti Suzuki,Swift,ZXI 2018,2018,"47,000 km",Petrol,Manual,Silver,1st,AS,Comprehensive,"₹ 5,85,000"
"Hatigaon, Guwahati, Assam",Maruti Suzuki,S-Cross,Alpha 1.3,2016,"80,000 km",Diesel,Manual,Not Available,1st,Not Available,Not Available,"₹ 6,00,000"
"Burigaon, Doboka, Assam",Ashok Leyland,Others,Others,2021,"20,000 km",Diesel,Manual,Not Available,1st,Not Available,Not Available,"₹ 7,00,000"
"Narabari, Kokrajhar, Assam",Tata,Vista,Others,2014,"95,000 km",Diesel,Automatic,Not Available,2nd,Not Available,Not Available,"₹ 75,000"
"Fauzdaripatty, Nagaon, Assam",Hyundai,i20,2010-2012 1.2 Magna,2010,"62,000 km",Petrol,Manual,Not Available,1st,Not Available,Not Available,"₹ 3,55,000"
"Dakhin Bidyanagar, Hojai, Assam",Bajaj,Others,Others,2017,"28,000 km",Petrol,Automatic,Not Available,2nd,Not Available,Not Available,"₹ 56,000"
"Doloi Gaon, Rangia, Assam",Tata,Others,Others,2017,"59,000 km",Diesel,Manual,Not Available,2nd,Not Available,Not Available,"₹ 4,50,000"
"Bokajan, Assam, India",Mahindra,Bolero Pik-Up,FB 1.25T,2020,"70,000 km",Diesel,Manual,Not Available,1st,Not Available,Not Available,"₹ 7,50,000"
"No 1 Thakurbari T E, Rangapara, Assam",Tata,Nano,2012-2015 CX SE,2017,"48,000 km",Petrol,Automatic,Not Available,2nd,Not Available,Not Available,"₹ 95,000"
"Luthuri Chetia, Sibsagar, Assam",Maruti Suzuki,800,Std BSII,2004,"550,000 km",Petrol,Manual,Not Available,2nd,Not Available,Not Available,"₹ 1,00,000"
"Polo Field, Tezpur, Assam",Tata,Indigo CS,CS LS TDI,2012,"25,000 km",Diesel,Manual,Not Available,2nd,Not Available,Not Available,"₹ 1,00,000"
"Kukurmari Pt, Bongaigaon, Assam",Toyota,Innova,2.5 EV (Diesel) PS 8 Seater BS IV,2016,"46,000 km",Diesel,Manual,Not Available,1st,Not Available,Not Available,"₹ 11,50,000"
"Namani Gaon No 1, Rangapara, Assam",Toyota,Etios,2010-2012 Diesel TRD Sportivo,2013,"61,000 km",Diesel,Manual,Not Available,1st,Not Available,Not Available,"₹ 4,00,000"
"Bidyapara, Dhubri, Assam",Maruti Suzuki,Swift Dzire,VDI,2017,"72,000 km",Diesel,Manual,Not Available,2nd,Not Available,Not Available,"₹ 4,30,000"
"Silapathar, Assam, India",Chevrolet,Aveo,Others,2017,"56,000 km",Petrol,Automatic,Not Available,3rd,Not Available,Not Available,"₹ 1,20,000"
"Bhakrapara Part 1, Bongaigaon, Assam",Toyota,Etios Liva,2014-2016 G,2014,"41,471 km",Petrol,Manual,Not Available,1st,Not Available,Not Available,"₹ 3,20,000"
"Satgaon, Guwahati, Assam",Maruti Suzuki,Alto,LXi,2010,"100,000 km",Petrol,Manual,Not Available,1st,Not Available,Not Available,"₹ 1,50,000"
"Dhit chak, Karimganj, Assam",Hyundai,EON,D Lite Plus,2013,"55,000 km",Petrol,Manual,Not Available,1st,Not Available,Not Available,"₹ 2,00,000"
"Hatigaon, Guwahati, Assam",Mahindra,Scorpio,S11,2019,"80,000 km",Diesel,Manual,Black,1st,AS,Comprehensive,"₹ 14,25,000"
"Vartak Enclave, Tezpur, Assam",Honda,Amaze,1.5 SMT I DTEC,2014,"65,000 km",Diesel,Manual,Blue,1st,AS,Comprehensive,"₹ 3,35,000"
"Khanapara, Guwahati, Assam",Maruti Suzuki,Ciaz,2014-2017 RS ZXi Plus,2015,"60,000 km",Petrol,Manual,Grey,1st,AS,Comprehensive,"₹ 6,30,000"
"Champak Nagar, Hailakandi, Assam",Maruti Suzuki,Baleno,1.2 CVT Delta,2020,"23,000 km",Petrol,Manual,Not Available,1st,Not Available,Not Available,"₹ 2,50,000"
"Champak Nagar, Hailakandi, Assam",Bajaj,RE60,Qute Petrol,1998,"6,000 km",Petrol,Automatic,Not Available,4th,Not Available,Not Available,"₹ 85,000"
"Burhapatia, Kampur Town, Assam",Tata,Indigo Ecs,eCS LS TDI,2012,"90,000 km",Diesel,Manual,Not Available,2nd,Not Available,Not Available,"₹ 1,10,000"
"Tupakuchi, Raha, Assam",Mercedes-Benz,GLA Class,2014-2017 200 CDI SPORT,2017,"24,000 km",Diesel,Automatic,Not Available,2nd,Not Available,Not Available,"₹ 24,75,000"
"Borkula, Duliajan No 1, Assam",Chevrolet,Spark,2007-2012 1.0 LS,2012,"55,000 km",Petrol,Manual,Not Available,2nd,Not Available,Not Available,"₹ 1,50,000"
"Bali Pukhuri, Biswanath Chariali, Assam",Other Brands,Others,Not Available,2019,"5,000 km",Electric,Automatic,Not Available,2nd,Not Available,Not Available,"₹ 95,000"
"Boladmari, Goalpara, Assam",Mahindra,Others,Others,2012,"100,000 km",Diesel,Automatic,Not Available,1st,Not Available,Not Available,"₹ 1,50,000"
"Golaghat Grant, Golaghat, Assam",Tata,Others,Others,2018,"43,056 km",Diesel,Manual,Not Available,1st,Not Available,Not Available,"₹ 2,20,000"
"Borkula, Duliajan No 1, Assam",Mahindra,Others,Others,2015,"786,602 km",Diesel,Automatic,Not Available,1st,Not Available,Not Available,"₹ 3,50,000"
"Danki Gaon, Hojai, Assam",Hyundai,Creta,1.6 CRDi SX Option,2019,"63,132 km",Diesel,Automatic,Not Available,1st,Not Available,Not Available,"₹ 10,50,000"
"Dalgaon Town, Dalgaon, Assam",Bajaj,Others,Others,2011,"2,220 km",Petrol,Manual,Not Available,3rd,Not Available,Not Available,"₹ 15,000"
"Jalukbari, Guwahati, Assam",Maruti Suzuki,800,AC BSIII,2012,"54,219 km",Petrol,Manual,Not Available,3rd,Not Available,Not Available,"₹ 1,28,000"
"Teloibari Gaon, Moranhat, Assam",Maruti Suzuki,800,AC,2000,"88,000 km",Petrol,Manual,Not Available,3rd,Not Available,Not Available,"₹ 75,000"
"Pachim Jarani, Doboka, Assam",Tata,Nano,2012-2015 CX SE,2012,"45,000 km",Petrol,Automatic,Not Available,2nd,Not Available,Not Available,"₹ 60,000"
"Jalukbari, Guwahati, Assam",Volkswagen,Passat,2010-2014 Diesel Highline 2.0 TDI,2010,"71,000 km",Diesel,Manual,Not Available,1st,Not Available,Not Available,"₹ 3,75,000"
"Dihing Kinar Naga, Naharkatiya, Assam",Hyundai,Verna,VTVT 1.6 SX,2012,"50,000 km",Petrol,Manual,Not Available,2nd,Not Available,Not Available,"₹ 3,80,000"
"Jum Part 5, Badarpur Rly Town, Assam",Maruti Suzuki,Alto K10,2010-2014 2010-2014 VXI,2014,"80,000 km",Petrol,Automatic,Not Available,2nd,Not Available,Not Available,"₹ 2,50,000"
"Vartak Enclave, Tezpur, Assam",Hyundai,Santro,Others,2007,"8,600 km",Petrol,Manual,Silver,1st,AS,Comprehensive,"₹ 1,40,000"
"Zoo Tiniali, Guwahati, Assam",Audi,Q7,3.0 TDI Quattro Technology,2012,"58,000 km",Diesel,Automatic,Black,1st,Not Available,Comprehensive,"₹ 22,00,000"
"Dhakota, Jorhat, Assam",Tata,Tiago,1.05 Revotorq XM Option,2019,"19,010 km",Diesel,Manual,White,1st,AS,Zero Dep,"₹ 4,35,000"
"Rukmini Gaon, Guwahati, Assam",Ford,Figo,2010-2012 Diesel Titanium,2012,"70,000 km",Diesel,Manual,Not Available,1st,Not Available,Not Available,"₹ 1,75,000"
"Tapan Nagar, Golaghat, Assam",Bajaj,Others,Others,2018,"37,588 km",Petrol,Manual,Not Available,2nd,Not Available,Not Available,"₹ 85,000"
"Tarphat, Golaghat, Assam",Mahindra,Bolero Power Plus,SLX,2016,"60,000 km",Diesel,Manual,Not Available,1st,Not Available,Not Available,"₹ 5,80,000"
"Demow Pathar, Sibsagar, Assam",Maruti Suzuki,Wagon R 1.0,1.0 LXi,2006,"72,000 km",Petrol,Manual,Not Available,1st,Not Available,Not Available,"₹ 1,10,000"
"Lituma, Guwahati, Assam",Maruti Suzuki,Ritz,LDi,2014,"45,000 km",Diesel,Automatic,Not Available,2nd,Not Available,Not Available,"₹ 1,95,000"
"Garchuk, Guwahati, Assam",Maruti Suzuki,Baleno,Not Available,2016,"37,221 km",Not Available,Not Available,Not Available,Not Available,Not Available,Not Available,"₹ 5,90,000"
"Lachit Nagar, Moran Town, Assam",Tata,Indica,DLX,2008,"100,000 km",Diesel,Manual,Not Available,2nd,Not Available,Not Available,"₹ 45,000"
"Hatigaon, Guwahati, Assam",Maruti Suzuki,Swift Dzire,VXI,2018,"38,000 km",Petrol,Manual,Not Available,1st,Not Available,Not Available,"₹ 5,70,000"
"Sundarbari, Guwahati, Assam",Maruti Suzuki,Alto 800,2012-2016 LX Optional,2016,"96,852 km",Petrol,Manual,Not Available,1st,Not Available,Not Available,"₹ 1,65,000"
"Deuri Kuchi, Barpeta, Assam",Mahindra,Bolero,SLE BSIII,2014,"180,000 km",Diesel,Manual,Not Available,1st,Not Available,Not Available,"₹ 4,10,000"
"Bhalukdubi, Goalpara, Assam",Hyundai,Grand i10 Nios,Sportz,2020,"23,754 km",Petrol,Manual,Not Available,1st,Not Available,Not Available,"₹ 6,80,000"
"Auniati Kheraj, Dhing, Assam",Maruti Suzuki,Alto K10,VXI,2017,"33,000 km",Petrol,Manual,Not Available,2nd,Not Available,Not Available,"₹ 3,60,000"
"Jonai Market, Jonai Bazar, Assam",Mahindra,XUV500,2011-2015 W8 2WD,2013,"70,000 km",Diesel,Manual,Not Available,1st,Not Available,Not Available,"₹ 7,40,000"
"Bakal, Dhemaji, Assam",Chevrolet,Beat,2010-2013 LT,2011,"69,000 km",Petrol,Manual,Not Available,3rd,Not Available,Not Available,"₹ 1,20,000"
"Dobokanala, Doboka, Assam",Maruti Suzuki,Alto K10,VXI,2011,"67,000 km",Petrol,Manual,Not Available,2nd,Not Available,Not Available,"₹ 2,00,000"
"Singha Duwar Grant, Sibsagar, Assam",Maruti Suzuki,Estilo,LXI,2008,"48,245 km",Petrol,Manual,Not Available,1st,Not Available,Not Available,"₹ 1,45,000"
"Sialmari, Bijni, Assam",Maruti Suzuki,Alto 800,Base,2013,"51,000 km",Petrol,Manual,Not Available,1st,Not Available,Not Available,"₹ 2,35,000"
"Vartak Enclave, Tezpur, Assam",Hyundai,Santro,GS,2013,"58,000 km",Petrol,Manual,Other,1st,AS,Comprehensive,"₹ 2,20,000"
"Jalukbari, Guwahati, Assam",Ford,Endeavour,2009-2014 2.5L 4X2,2010,"110,000 km",Diesel,Manual,Other,1st,AS,Not Available,"₹ 5,70,000"
"Jalukbari, Guwahati, Assam",Ford,Figo Aspire,1.2 Ti-VCT Titanium Plus,2016,"40,000 km",Petrol,Manual,Black,1st,AS,Comprehensive,"₹ 4,99,000"
"Bali Pukhuri, Biswanath Chariali, Assam",Maruti Suzuki,Wagon R 1.0,1.0 LXi,2009,"75,000 km",Petrol,Manual,Not Available,2nd,Not Available,Not Available,"₹ 1,80,000"
"Lathimara, Badarpur, Assam",Hindustan Motors,Others,Others,2016,"5,000 km",Diesel,Manual,Not Available,2nd,Not Available,Not Available,"₹ 70,000"
"Haibargaon, Nagaon, Assam",Nissan,Micra Active,XL Petrol,2020,17 km,Petrol,Manual,Not Available,1st,Not Available,Not Available,"₹ 4,00,000"
"Bidyapara, Dhubri, Assam",Tata,Others,Others,2016,"350,000 km",Diesel,Manual,Not Available,1st,Not Available,Not Available,"₹ 12,20,000"
"Kopohua, Nazira, Assam",Tata,Indica,DLE,2003,"33,000 km",Diesel,Manual,Not Available,2nd,Not Available,Not Available,"₹ 60,000"
"Kali Bari Rajah Chahar, Tezpur, Assam",Maruti Suzuki,Swift,VXI,2014,"73,000 km",Petrol,Manual,Not Available,1st,Not Available,Not Available,"₹ 4,20,000"
"Kamrup, Guwahati, Assam",Renault,KWID,RXT,2016,"52,000 km",Petrol,Manual,Not Available,2nd,Not Available,Not Available,"₹ 2,50,000"
"Six Mile, Guwahati, Assam",Mahindra,Scorpio,2002-2013 2.6 GLX,2012,"110,000 km",Diesel,Manual,Not Available,2nd,Not Available,Not Available,"₹ 6,25,000"
"Kali Bari Rajah Chahar, Tezpur, Assam",Maruti Suzuki,Swift,VXI,2014,"73,000 km",Petrol,Manual,Not Available,1st,Not Available,Not Available,"₹ 4,15,000"
"Khowang, Moranhat, Assam",Maruti Suzuki,Alto 800,LX,2008,"55,000 km",Petrol,Manual,Not Available,1st,Not Available,Not Available,"₹ 1,70,000"
"Classic Enclave, Guwahati, Assam",Hyundai,i20,1.4 Magna Executive,2019,"24,000 km",Petrol,Manual,Not Available,1st,Not Available,Not Available,"₹ 5,50,000"
"Nirmali Gaon, Dibrugarh, Assam",Maruti Suzuki,Swift Dzire,VDI,2014,"91,357 km",Diesel,Manual,Not Available,2nd,Not Available,Not Available,"₹ 3,75,000"
"Banamali Part 1, Karimganj, Assam",Maruti Suzuki,Alto 800,LXI,2016,"37,000 km",Petrol,Automatic,Not Available,2nd,Not Available,Not Available,"₹ 2,65,000"
"Mirza, Kochpara, Assam",Maruti Suzuki,Swift Dzire Tour,Others,2016,"132,000 km",Diesel,Automatic,Not Available,1st,Not Available,Not Available,"₹ 3,25,000"
"Dakhin Tokererchora Part2, Golokganj, Assam",Chevrolet,Sail,1.2 LS,2015,57 km,Petrol,Automatic,Not Available,1st,Not Available,Not Available,"₹ 2,30,000"
"Gohain Handique, Nazira, Assam",Maruti Suzuki,Alto,2000-2005 LX,2005,"61,189 km",Petrol,Manual,Not Available,2nd,Not Available,Not Available,"₹ 1,15,000"
"Shantipara, Dibrugarh, Assam",Hyundai,Verna,2011-2014 1.6 CRDI,2012,"77,000 km",Diesel,Manual,Not Available,1st,Not Available,Not Available,"₹ 3,50,000"
"Durga Sarovar, Guwahati, Assam",Maruti Suzuki,Wagon R 1.0,1.0 VXi,2017,"69,000 km",Petrol,Manual,White,1st,AS,Comprehensive,"₹ 3,95,000"
"Polo Field, Tezpur, Assam",Hyundai,Grand i10 Nios,Sportz,2019,"12,000 km",Petrol,Manual,White,1st,AS,Comprehensive,"₹ 6,10,000"
"Dhiren Para, Guwahati, Assam",Maruti Suzuki,Wagon R 1.0,1.0 VXi,2015,"42,000 km",Petrol,Automatic,Not Available,1st,Not Available,Not Available,"₹ 3,60,000"
"Kalioni, Numaligarh Refinery Township, Assam",Tata,Tiago,XZ,2019,"35,000 km",Petrol,Manual,Not Available,1st,Not Available,Not Available,"₹ 3,50,000"
"Bahbari Gaon, Tinsukia, Assam",Tata,Hexa,XM,2019,"33,100 km",Diesel,Manual,Not Available,1st,Not Available,Not Available,"₹ 13,00,000"
"Khumtai Gaon, Moranhat, Assam",Chevrolet,Sail,LS ABS,2015,"80,000 km",Petrol,Manual,Not Available,2nd,Not Available,Not Available,"₹ 1,70,000"
"Laal Ganesh, Guwahati, Assam",Maruti Suzuki,Omni,E MPI STD BSIV,2017,"58,000 km",Petrol,Manual,Not Available,1st,Not Available,Not Available,"₹ 1,95,000"
"Resham Nagar, Guwahati, Assam",Chevrolet,Aveo,1.4 LT,2010,"102,000 km",Petrol,Manual,Not Available,2nd,Not Available,Not Available,"₹ 1,20,000"
"Dhirenpara, Guwahati, Assam",Renault,KWID,RXT Optional,2016,"71,000 km",Petrol,Manual,Not Available,1st,Not Available,Not Available,"₹ 2,60,000"
"Doboka Pather, Doboka, Assam",Tata,Sumo Victa,LX,2006,"110,000 km",Diesel,Manual,Not Available,2nd,Not Available,Not Available,"₹ 1,35,000"
"Naliapool, Dibrugarh, Assam",Toyota,Innova,2.5 G (Diesel) 8 Seater BS IV,2012,"160,000 km",Diesel,Manual,Not Available,2nd,Not Available,Not Available,"₹ 5,00,000"
"Dilzan Basti Sijubari, Guwahati, Assam",Toyota,Innova,2.5 G (Diesel) 8 - Seater,2011,"153,000 km",Diesel,Automatic,Not Available,2nd,Not Available,Not Available,"₹ 4,30,000"
"Likiri Para, Lakhipur Goalpara District, Assam",Maruti Suzuki,Wagon R 1.0,1.0 VXi,2019,"46,000 km",Petrol,Manual,Not Available,1st,Not Available,Not Available,"₹ 4,90,000"
"Railway Colony, Tinsukia, Assam",Hyundai,i10,2007-2010 Era 1.1,2009,"91,000 km",Petrol,Manual,Not Available,3rd,Not Available,Not Available,"₹ 1,80,000"
"Jalukbari, Guwahati, Assam",Maruti Suzuki,Swift Dzire,VXI,2016,"55,000 km",Petrol,Manual,Not Available,1st,Not Available,Not Available,"₹ 5,00,000"
"Maj Gaon, Tezpur, Assam",Mahindra,Scorpio,2009-2014 LX,2011,"75,000 km",Diesel,Manual,Black,1st,Tezpur,Not Available,"₹ 4,50,000"
"Railway Colony, Tinsukia, Assam",Maruti Suzuki,Wagon R,LXI,2007,"60,183 km",Petrol,Manual,Not Available,1st,Not Available,Not Available,"₹ 1,80,000"
"Naliapool Officers Colony, Dibrugarh, Assam",Tata,Others,Others,2015,"92,000 km",Diesel,Automatic,Not Available,1st,Not Available,Not Available,"₹ 1,20,000"
"Bangaljhora, Bijni, Assam",Mahindra,Others,Others,2017,"78,000 km",Diesel,Manual,Not Available,1st,Not Available,Not Available,"₹ 2,20,000"
"Chandmari, Guwahati, Assam",Maruti Suzuki,Swift,Others,2021,0 km,Petrol,Manual,Not Available,1st,Not Available,Not Available,"₹ 5,92,462"
"Zoo Tiniali, Guwahati, Assam",BMW,5 Series,525d Luxury Line,2011,"45,000 km",Diesel,Automatic,White,1st,Not Available,Comprehensive,"₹ 15,50,000"
"Borbari, Guwahati, Assam",Ford,Ecosport,1.5 Petrol Titanium Plus,2017,"41,325 km",Petrol,Manual,Brown,1st,AS,Comprehensive,"₹ 6,50,000"
"Illubari, Guwahati, Assam",Mahindra,Logan,Diesel 1.5 DLS,2008,"51,000 km",Diesel,Manual,Not Available,1st,Not Available,Not Available,"₹ 95,000"
"Borkula, Duliajan No 1, Assam",Chevrolet,Corvette,Others,2012,"30,000 km",Petrol,Manual,Not Available,2nd,Not Available,Not Available,"₹ 1,60,000"
"Domar Dolong Gaon, Moranhat, Assam",Mahindra,Bolero Pik-Up,CBC 1.7T,2020,"21,000 km",Diesel,Manual,Not Available,1st,Not Available,Not Available,"₹ 7,00,000"
"Garchuk, Guwahati, Assam",Maruti Suzuki,Vitara Brezza,Not Available,2016,"91,104 km",Not Available,Manual,Not Available,Not Available,Not Available,Not Available,"₹ 6,45,000"
"Naohalia No 3, Duliajan, Assam",Honda,BR-V,i-VTEC V MT,2016,"35,992 km",Petrol,Manual,Not Available,1st,Not Available,Not Available,"₹ 10,00,000"
"Niz Doboka, Doboka, Assam",Maruti Suzuki,Alto 800,2012-2016 VXI,2015,"60,000 km",Petrol,Manual,Not Available,2nd,Not Available,Not Available,"₹ 3,00,000"
"Selengi, Golaghat, Assam",Maruti Suzuki,800,AC BSIII,2000,"75,022 km",Petrol,Manual,Not Available,1st,Not Available,Not Available,"₹ 75,000"
"Saikia Chuburi Dekar Gaon, Tezpur, Assam",Maruti Suzuki,Omni,8 Seater BSIV,2016,"90,000 km",Petrol,Manual,Not Available,1st,Not Available,Not Available,"₹ 2,30,000"
"Dhula Chuburi, Udalguri, Assam",Tata,Others,Others,2015,"55,000 km",Diesel,Manual,Not Available,1st,Not Available,Not Available,"₹ 70,000"
"Chalantapara Part 3, Chalantapara Pt IV, Assam",Hyundai,EON,Magna +,2015,"90,000 km",Petrol,Manual,Not Available,3rd,Not Available,Not Available,"₹ 2,25,000"
"Banamali Part 1, Karimganj, Assam",Force Motors,Force One,LX ABS 7 STR,2011,"98,000 km",Diesel,Manual,Not Available,3rd,Not Available,Not Available,"₹ 1,90,000"
"Kala Bhanga, Barpeta Road, Assam",Hyundai,EON,1.0 Era Plus,2012,"68,000 km",Petrol,Manual,Not Available,1st,Not Available,Not Available,"₹ 1,45,000"
"No 2 Sarucharai Gharfalia, Jorhat, Assam",Chevrolet,Aveo,1.4,2007,"67,098 km",Petrol,Automatic,Not Available,2nd,Not Available,Not Available,"₹ 1,70,000"
"Bahbari Gaon, Tinsukia, Assam",Mahindra,Scorpio,2002-2013 2.6 SLX CRDe,2004,"100,000 km",Diesel,Automatic,Not Available,2nd,Not Available,Not Available,"₹ 1,85,000"
"Lichubari, Jorhat, Assam",Tata,Sumo Grande,Grande LX,2009,"90,000 km",Diesel,Automatic,Not Available,1st,Not Available,Not Available,"₹ 1,90,000"
"Madhuban, Jorhat, Assam",Renault,KWID,1.0 RXT,2017,"25,000 km",Petrol,Manual,Not Available,1st,Not Available,Not Available,"₹ 2,75,000"
"Amolapatti, Dibrugarh, Assam",Mahindra,Supro,Others,2021,120 km,Diesel,Manual,Not Available,1st,Not Available,Not Available,"₹ 1,70,000"
"Khowang, Moranhat, Assam",Renault,Duster,110PS Diesel RxL AMT,2014,"65,000 km",Diesel,Manual,Not Available,1st,Not Available,Not Available,"₹ 5,30,000"
